id,uuid,equipment_type,current_manufacturer,new_manufacturer,model
1,64b3e25c-8c78-410e-8f0c-70dae2e6c63e,MicroInverter,AP System,APSYSTEMS,DS3-H
2,6d1090a1-63b1-4a5f-8588-abbd9d11ca9e,MicroInverter,AP System,APSYSTEMS,DS3-L
3,4c2ec038-34ac-4d1d-93d6-257f8ed2140d,MicroInverter,AP System,APSYSTEMS,DS3-S
4,46c066c7-f86c-45c3-af28-17ce7e8eb6de,MicroInverter,AP System,APSYSTEMS,DS3
5,2010d301-3bab-4648-b07a-3cf5c9e8ea0b,MicroInverter,AP System,APSYSTEMS,YC600
6,daa4ed0e-3560-42c3-bc8a-57c6cea583a1,MicroInverter,AP System,APSYSTEMS,QS1200
7,128a2930-2317-470a-a2f4-bf94dd4c9f3a,MicroInverter,AP System,APSYSTEMS,QS1
8,f1941c9e-166e-407b-8c32-7429641ab100,MicroInverter,AP System,APSYSTEMS,QS1A
197,330a5f7d-28e9-482c-9708-bc03f61c1d3a,MicroInverter,LG Electronics,LG,LG320E1K-A5
198,cd015035-3281-4764-a472-0e7de92e0a40,MicroInverter,LG Electronics,LG,LG315E1K-A5
199,7f41642f-ea1f-4aac-899c-95682f3706b2,MicroInverter,LG Electronics,LG,LG325E1K-A5
200,7f1bd7a9-55a6-4842-9a13-b7a9a74ed778,MicroInverter,LG Electronics,LG,LG325E1C-A5
201,39b8e292-5164-43e6-83f1-f0e1aed89627,MicroInverter,LG Electronics,LG,LG335E1C-A5
202,532cf602-7640-4955-9c6f-e065186432b2,MicroInverter,LG Electronics,LG,LG330E1C-A5
203,d5696380-9d7f-4bdf-979c-4f7aa5e2d92c,MicroInverter,LG Electronics,LG,LG345M1K-L5
204,40c89197-18c0-4e40-b3c2-dfbb28d93d6c,MicroInverter,LG Electronics,LG,LG340M1K-L5
205,9a8f6d59-2d6b-46c1-b876-eb98f908a855,MicroInverter,LG Electronics,LG,LG355M1K-A6
206,ced76993-4a92-4138-bd94-9a7b703ae5a7,MicroInverter,LG Electronics,LG,LG350M1K-L5
207,fd54f45b-4e5c-4f35-8518-997279b3357a,MicroInverter,LG Electronics,LG,LG355M1C-N5
208,ebfe0bae-2e14-47ce-811a-37ca4e03cc9a,MicroInverter,LG Electronics,LG,LG355A1C-A5
209,87a6d9fa-b92a-47a5-ac54-8ff5a08a7727,MicroInverter,LG Electronics,LG,LG360A1C-A5
210,5e4ed59b-4a8a-4ad9-9219-99dc79ee59b5,MicroInverter,LG Electronics,LG,LG360M1C-N5
211,57135dd0-7b1c-44ce-86b0-b97dcc1cd7b6,MicroInverter,LG Electronics,LG,LG360M1K-A6
212,e4a9be06-751d-4bf0-8b22-fb5b02f6f51d,MicroInverter,LG Electronics,LG,LG360A1K-V5
213,cd30f542-fb16-4d35-96c1-2ebac01208db,MicroInverter,LG Electronics,LG,LG365A1C-A5
214,f411c266-70e1-4f4a-a470-469d2ae691ce,MicroInverter,LG Electronics,LG,LG365A1K-V5
215,e5458a74-5d1b-4590-aa25-f13677d6a526,MicroInverter,LG Electronics,LG,LG365A1C-V5
216,8ed65689-c54c-4a0a-9f34-a99ff095dad1,MicroInverter,LG Electronics,LG,LG365M1C-N5
217,b7cebef5-3e68-4e7c-8334-33a8b83d4ec5,MicroInverter,LG Electronics,LG,LG370A1C-A5
218,add7cced-6a34-43fa-b669-3ffd11da1c17,MicroInverter,LG Electronics,LG,LG365M1K-A6
219,e79e8ca1-f9a2-423f-9f9f-709d8e4ddfc0,MicroInverter,LG Electronics,LG,LG370A1C-V5
220,d271a749-0de7-493b-bfe3-6658af3d6f06,MicroInverter,LG Electronics,LG,LG370M1C-N5
221,b775911c-b271-427f-8eeb-b0bf0b3d8ac8,MicroInverter,LG Electronics,LG,LG375A1C-V5
222,a75d0e21-823d-4b36-8ddd-f151a0111470,MicroInverter,LG Electronics,LG,LG370M1K-A6
223,4444418b-dc63-4e94-82e8-7cde5650507c,MicroInverter,LG Electronics,LG,LG375M1K-A6
224,9a92803b-8c1a-4d79-b974-a5aa20a3b16a,MicroInverter,LG Electronics,LG,LG375M1C-A6
225,28fc89a3-0012-4dc7-9490-ba213eaf6d0b,MicroInverter,LG Electronics,LG,LG385M1C-A6
226,aa3d9122-3cfe-489b-93e7-6eda56f524f6,MicroInverter,LG Electronics,LG,LG380M1K-A6
227,4a85ed9b-c533-45f4-8da7-068cefd7179b,MicroInverter,LG Electronics,LG,LG380M1C-A6
228,4b843300-b191-413a-8853-307dfb65191d,MicroInverter,LG Electronics,LG,LG380A1C-V5
229,9139f894-f015-4f0b-8ce6-4e7b835b5ce8,MicroInverter,LG Electronics,LG,LG405A1C-A6
230,7d4f5977-8019-4a2a-8c06-5922315c86ac,MicroInverter,LG Electronics,LG,LG400A1C-A6
231,83f6be5c-5338-4e42-845f-a802430b56e9,MicroInverter,LG Electronics,LG,LG395A1C-A6
232,5450ca08-c078-41b7-ae7a-32343dd4b4b3,MicroInverter,LG Electronics,LG,LM320UE-A2
657,d6a8a625-0abd-4ed1-a940-4ea14462409a,Inverter,Trina,TRINA SOLAR,TB8000SHU
658,8f3bf13f-28be-46be-902f-b2423508904b,Inverter,Trina,TRINA SOLAR,TB6000SHU
5688,c934fbfe-8f13-4156-abab-35c0f062fb46,Solar Panel,"Hanwha Q CELLS (Qidong) Co., Ltd.",HANWHA Q CELLS (QIDONG) CO LTD,Q.PRIME L-G5.1.G 330
5689,78b4e0e8-be62-436e-83a0-f4dd61e0582b,Solar Panel,"Hanwha Q CELLS (Qidong) Co., Ltd.",HANWHA Q CELLS (QIDONG) CO LTD,Q.PRIME L-G5.2.G 330
5690,0a5525ad-1193-429d-a078-d1498eb3b05f,Solar Panel,"Hanwha Q CELLS (Qidong) Co., Ltd.",HANWHA Q CELLS (QIDONG) CO LTD,Q.PRIME L-G5.1.G 345
5691,ca595365-87bc-493f-83fb-d4bc87868289,Solar Panel,"Hanwha Q CELLS (Qidong) Co., Ltd.",HANWHA Q CELLS (QIDONG) CO LTD,Q.PRIME L-G5.1.G 335
5692,884fddd9-95ee-43ef-b817-1bf86a78a20d,Solar Panel,"Hanwha Q CELLS (Qidong) Co., Ltd.",HANWHA Q CELLS (QIDONG) CO LTD,Q.PRIME L-G5.1.G 340
5693,70941fc9-69a3-442b-90c9-6f8affbe3dec,Solar Panel,"Hanwha Q CELLS (Qidong) Co., Ltd.",HANWHA Q CELLS (QIDONG) CO LTD,Q.PRIME L-G5.2.G 340
5695,cd8f6e9f-f475-447b-b55f-b75a9a0b6364,Solar Panel,"Hanwha Q CELLS (Qidong) Co., Ltd.",HANWHA Q CELLS (QIDONG) CO LTD,Q.PRIME L-G5.2.G 335
5696,4ca13467-3f3a-40b6-8ad3-06a7eec61859,Solar Panel,"Hanwha Q CELLS (Qidong) Co., Ltd.",HANWHA Q CELLS (QIDONG) CO LTD,Q.PRIME L-G5.2.G 345
8947,006f9709-fe1a-493e-a518-948491d0c2c7,Solar Panel,LG Electronics,LG,LG210P1C-G2
8948,821706e1-c182-4831-b6f2-dfdf64418ae4,Solar Panel,LG Electronics,LG,LG210P1W-G1
8949,245a741f-02ae-4871-b7a6-eebfffa3a305,Solar Panel,LG Electronics,LG,LG220M1C-G2
8950,3e7397eb-3cf0-4dd9-8524-77eedde0f3d8,Solar Panel,LG Electronics,LG,LG215P1W-G1
8951,1cd49ad2-886d-42fa-9c1f-8eb98af8d72e,Solar Panel,LG Electronics,LG,LG215P1C-G2
8952,a459ef53-d16f-4060-95aa-0b20ac4d8688,Solar Panel,LG Electronics,LG,LG215P1W
8953,d0f8fbf6-86a1-40e4-ae42-5e7ff0a9db38,Solar Panel,LG Electronics,LG,LG220P1C-G2
8954,c021ba7e-e81c-4c62-bc32-a6c8f49e3523,Solar Panel,LG Electronics,LG,LG220P1W
8955,cdc42f14-cec0-4f11-88dd-65bace955532,Solar Panel,LG Electronics,LG,LG220R1C-G2
8956,ecbf7393-a4dc-465f-b772-e01759295eab,Solar Panel,LG Electronics,LG,LG220P1W-G1
8957,775ca5e0-3b2d-4717-9108-d57f2c5280e8,Solar Panel,LG Electronics,LG,LG225M1C-G2
8958,33fd7a83-c28d-4822-a0cd-d5297fcb44e4,Solar Panel,LG Electronics,LG,LG220R1W-G2
8959,c2130bad-f972-4c7c-9303-f99abfa93dd6,Solar Panel,LG Electronics,LG,LG225P1W
8960,54b8952f-053a-4264-a233-5b8404c73bdf,Solar Panel,LG Electronics,LG,LG225P1C-G2
8961,2e89efbf-84ee-4ee6-8db0-b782310a6ac7,Solar Panel,LG Electronics,LG,LG225P1W-G1
8962,40e46b9b-b69a-4719-ba9a-975d6c197a04,Solar Panel,LG Electronics,LG,LG230M1C-G2
8963,c9bd876e-6a56-443c-9652-9f8cf18306cc,Solar Panel,LG Electronics,LG,LG225R1C-G2
8964,f39ac621-0556-4561-b432-a1e14f9e7e65,Solar Panel,LG Electronics,LG,LG225R1W-G2
8965,ab494492-3a95-41ee-b6b4-1bc205e595c5,Solar Panel,LG Electronics,LG,LG230P1W-G1
8966,dfc8e329-5b58-4ed2-a438-cc723871c029,Solar Panel,LG Electronics,LG,LG230P1W
8967,7104677b-1679-4a40-9275-6e690e141626,Solar Panel,LG Electronics,LG,LG230N8K-G4
8968,0f5fff7f-30c8-4d4d-a270-34add6933978,Solar Panel,LG Electronics,LG,LG230P1C-G2
8969,12fd43dd-17b9-47f0-934f-e84487d65389,Solar Panel,LG Electronics,LG,LG230R1W-G2
8970,5eb10681-3b64-4299-8bd7-dcf20198c494,Solar Panel,LG Electronics,LG,LG235N8K-G4
8971,51f6eb7f-b479-4250-9e69-cb36798d4f25,Solar Panel,LG Electronics,LG,LG230R1C-G2
8972,27bf838b-c184-47ac-bce7-d769d7e60c03,Solar Panel,LG Electronics,LG,LG235M1C-G2
8973,c1d06b7c-7fbc-4da4-af65-2b749da16012,Solar Panel,LG Electronics,LG,LG240M1C-G2
8974,08a6ca01-c345-4ffd-bb09-7c454524b191,Solar Panel,LG Electronics,LG,LG235P1W
8975,8501f4f5-f777-42a2-ad2d-b607242e7ac4,Solar Panel,LG Electronics,LG,LG235R1C-G2
8976,a46013d6-cc82-44b7-b1b1-ab1e3ee3c665,Solar Panel,LG Electronics,LG,LG235R1W-G2
8977,cf32ca69-447a-4fb1-b08a-9358d255bd3c,Solar Panel,LG Electronics,LG,LG240S1C-G2
8978,1607a98d-18f3-495e-8deb-c91d37947b56,Solar Panel,LG Electronics,LG,LG240N8K-G4
8979,6a8d8f37-401f-4163-9834-c178b83b243d,Solar Panel,LG Electronics,LG,LG240R1C-G2
8980,11c3cb4e-0762-45d3-91b5-d83e989c55bc,Solar Panel,LG Electronics,LG,LG240R1W-G2
8981,e731a962-d848-4223-9473-0696c34e95d0,Solar Panel,LG Electronics,LG,LG245N8K-G4
8982,9231785f-a107-452f-8a0e-a140c51e6dd9,Solar Panel,LG Electronics,LG,LG240S1K-G3
8983,3f8992ff-abea-4cb5-8fa5-9e3d27fe3c5f,Solar Panel,LG Electronics,LG,LG245M1W-G2
8984,4fe8a314-3ddd-40eb-8202-00035e225d62,Solar Panel,LG Electronics,LG,LG245M1C-G2
8985,667855da-ccfa-471e-9ce3-dcfbfd07deda,Solar Panel,LG Electronics,LG,LG245S1C-G2
8986,aa0e2c55-8f7a-4476-a001-569fcd20b124,Solar Panel,LG Electronics,LG,LG245S1K-G3
8987,ed159119-48c1-4151-a723-17702c98acb1,Solar Panel,LG Electronics,LG,LG245S1C-G3
8988,52f5c467-78cd-492e-95f5-deb705958500,Solar Panel,LG Electronics,LG,LG250N8K-G4
8989,f3c65d67-42f0-4ffb-ba64-f3c4cc681794,Solar Panel,LG Electronics,LG,LG250S1C-G3
8990,2d5b87c9-580e-4c6e-bec9-6893de137776,Solar Panel,LG Electronics,LG,LG250S1C-G2
8991,466ac984-5f5f-4606-b188-64d0441c8d78,Solar Panel,LG Electronics,LG,LG250S1K-A3
8992,cbf75840-7999-457e-ad17-ee435aea6865,Solar Panel,LG Electronics,LG,LG250S1K-B3
8993,2fc486ef-b88f-4321-9cea-eb871040af62,Solar Panel,LG Electronics,LG,LG255S1C-A3
8994,c98929fb-2506-44cc-b86f-30149950bd05,Solar Panel,LG Electronics,LG,LG255S1C-B3
8995,1a4b4dae-623f-4039-924b-8f2f78881c6e,Solar Panel,LG Electronics,LG,LG250S1K-G3
8996,ac2cd87f-2674-47c2-a83b-ece3ceec914f,Solar Panel,LG Electronics,LG,LG255S1C-G2
8997,44c0ddf2-24d7-4875-ab9d-24b4e966c536,Solar Panel,LG Electronics,LG,LG255S1K-B3
8998,4d6b98df-6031-4ebe-a5c8-2c1bf3b50530,Solar Panel,LG Electronics,LG,LG255S1C-G3
8999,33741b40-e283-41b2-b980-9221971b8e82,Solar Panel,LG Electronics,LG,LG255S1K-G3
9000,de154322-43a4-4758-9c09-7a21e66dc5d3,Solar Panel,LG Electronics,LG,LG255S1K-A3
9001,f8c2dd41-2feb-46e4-be93-982ff9a2496d,Solar Panel,LG Electronics,LG,LG255S1W-A3
9002,2a31122e-fe3f-460b-8f55-96b8d426155b,Solar Panel,LG Electronics,LG,LG260S1C-A3
9003,b4186fd2-4693-43ef-aa36-688c5e60c3af,Solar Panel,LG Electronics,LG,LG260N9K-G4
9004,e6868d66-fdaa-4a29-b73d-6c91a2c17ea2,Solar Panel,LG Electronics,LG,LG255S1W-B3
9005,0ac3185a-090f-4d26-9af1-4b7215bcff59,Solar Panel,LG Electronics,LG,LG260S1K-A3
9006,f6dc1977-b23d-4adf-b5d1-227d9e111f79,Solar Panel,LG Electronics,LG,LG260S1C-G3
9007,f82fc820-6e79-4746-8dee-2f3a58ee671b,Solar Panel,LG Electronics,LG,LG260S1C-G2
9008,f4cb2638-4889-4151-bcf1-fcc674d4b917,Solar Panel,LG Electronics,LG,LG260S1C-B3
9009,02d4380c-55ab-4bed-8500-2ec0d18958e5,Solar Panel,LG Electronics,LG,LG260S1W-B3
9010,6bbf4aac-4414-400d-956b-8b0f498349a7,Solar Panel,LG Electronics,LG,LG260S1K-B3
9011,d645446a-9e4c-46ec-b9bf-b60a18496360,Solar Panel,LG Electronics,LG,LG260S1K-G3
9012,4d4e3e70-43e2-43b3-93a1-e43e7edeaa53,Solar Panel,LG Electronics,LG,LG260S1W-A3
9013,63af5c5b-af47-4799-966f-29db8f8a7cc9,Solar Panel,LG Electronics,LG,LG260S1W-G3
9014,b41bd188-ed66-41f5-a1ea-d10075651e39,Solar Panel,LG Electronics,LG,LG265N9K-G4
9015,8f7a4b2b-48ee-4995-824d-49d0309125a9,Solar Panel,LG Electronics,LG,LG260S1W-G2
9016,f95702fc-2b34-45f4-af08-e59d80ffdb58,Solar Panel,LG Electronics,LG,LG265S1C-A3
9017,2c26b36f-b765-4b61-b76a-b308497931dc,Solar Panel,LG Electronics,LG,LG265S1K-A3
9018,7b55977f-c53b-45cb-b7ab-de270e14a950,Solar Panel,LG Electronics,LG,LG265S1C-G3
9019,1b55da25-0a8e-479d-b7a2-f1803b39ca6d,Solar Panel,LG Electronics,LG,LG265S1C-B3
9020,fdbef13d-78e4-4c36-a160-5846dabe6dfc,Solar Panel,LG Electronics,LG,LG265S1K-B3
9021,734c0758-6f3e-4cef-bfef-6303fbb3ea93,Solar Panel,LG Electronics,LG,LG270N1C-G3
9022,9beeac13-8127-41c8-8143-4438685df171,Solar Panel,LG Electronics,LG,LG265S1W-B3
9023,80abcb14-4e8a-4739-90ba-0010337f0e16,Solar Panel,LG Electronics,LG,LG265S1W-A3
9024,4e7c57f1-e4a4-4566-b065-5c5dd21f6893,Solar Panel,LG Electronics,LG,LG265S1W-G3
9025,905ce6b4-8577-44c5-a93f-eae6a2cf2552,Solar Panel,LG Electronics,LG,LG270S1C-A3
9026,7983f25a-6b86-4f83-bc44-f76445fc6051,Solar Panel,LG Electronics,LG,LG270N1W-G3
9027,19e3ee90-4b89-4ffa-9d84-a7e2017075b8,Solar Panel,LG Electronics,LG,LG270N9K-G4
9028,f4ba38ab-9249-4407-a6a0-d2a295baf73a,Solar Panel,LG Electronics,LG,LG270S1C-B3
9029,de0267c5-d1fb-4e02-899f-c6af0256f5f0,Solar Panel,LG Electronics,LG,LG270S1C-G3
9030,5e495d86-c707-4392-820b-9a3fe458d78c,Solar Panel,LG Electronics,LG,LG270S1C-L4
9031,d1d30ada-07f2-4914-b243-fc1a399c10b7,Solar Panel,LG Electronics,LG,LG270S1K-B3
9032,456f73df-8e12-4ab7-ad18-f00b3ed7a390,Solar Panel,LG Electronics,LG,LG270S1C-G4
9033,75672fa1-ce2b-457b-bd20-e8aaaa50d8d4,Solar Panel,LG Electronics,LG,LG270S1W-G4
9034,111d46a3-1a14-4ea3-9ed0-8e9d4a0a502c,Solar Panel,LG Electronics,LG,LG270S1W-G3
9035,ab18bc32-83d5-42a0-ac64-2906d7fb5a4e,Solar Panel,LG Electronics,LG,LG270S1W-B3
9036,a5e61ce9-e404-4fff-bfeb-8d36f0dde11e,Solar Panel,LG Electronics,LG,LG270S1W-A3
9037,2d44f46e-18c4-49e6-907e-3cfee3b9d589,Solar Panel,LG Electronics,LG,LG270S1W-L4
9038,7900ad4a-d6eb-4abe-b41c-e5caeea6f6c8,Solar Panel,LG Electronics,LG,LG275N1K-B3
9039,900d576e-5a7d-4abc-9bae-3549065d32cf,Solar Panel,LG Electronics,LG,LG275N1K-A3
9040,a489562b-eb28-4f3e-81ee-ae6476e8bc5b,Solar Panel,LG Electronics,LG,LG275N1C-G3
9041,86aea455-617c-4afc-be4c-806b1c861dd5,Solar Panel,LG Electronics,LG,LG275S1C-G4
9042,eb5809af-e73a-4a19-9a67-55e663175804,Solar Panel,LG Electronics,LG,LG275S1C-B3
9043,66234f69-bdfd-4981-914d-7c9ed17431d2,Solar Panel,LG Electronics,LG,LG275N9K-G4
9044,0d662c06-c5ef-4c49-bfb4-0fa30fbb41a6,Solar Panel,LG Electronics,LG,LG275N1W-G3
9045,9a212a36-7d70-4f3f-a6d5-a52882efbcc7,Solar Panel,LG Electronics,LG,LG275S1K-B3
9046,f7242af7-bb61-4230-b531-89c8a3e5d37b,Solar Panel,LG Electronics,LG,LG275S1C-L4
9047,44de5152-18f3-4a1d-a3fc-55ad835a4b07,Solar Panel,LG Electronics,LG,LG275S1W-B3
9048,9773bf79-36af-483c-9414-c6534f01880d,Solar Panel,LG Electronics,LG,LG275S1W-G4
9049,3c8d1442-1ad5-4e34-acff-fb036189cc8a,Solar Panel,LG Electronics,LG,LG280N1K-A3
9050,6ed328a9-f26c-4b6c-819a-2d71091f9ad7,Solar Panel,LG Electronics,LG,LG280N1K-B3
9051,c47fa31d-2651-42f4-9e08-691b0eb3c6c1,Solar Panel,LG Electronics,LG,LG280N1C-G3
9052,77ed1dab-94d5-4b30-a0f5-6c1b94a4e418,Solar Panel,LG Electronics,LG,LG275S1W-L4
9053,62104575-6a4b-4977-9a94-363da3f69e0d,Solar Panel,LG Electronics,LG,LG280S1C-A5
9054,7bb52a5c-f351-48a4-b4bf-777e26d76a4c,Solar Panel,LG Electronics,LG,LG280S1C-B3
9055,6daee8e9-0839-42f7-bc07-9c7657c5aa99,Solar Panel,LG Electronics,LG,LG280N9K-G4
9056,c517e160-c87c-4052-86a0-a660a5d5bdde,Solar Panel,LG Electronics,LG,LG280N1W-G3
9057,40028417-c0ac-4544-ae11-ba2ed9849a91,Solar Panel,LG Electronics,LG,LG280S1C-L4
9058,61177b80-2cac-45d7-9f43-a25a73f32277,Solar Panel,LG Electronics,LG,LG280S1W-A5
9059,2e4f7478-c3ac-4495-aa5f-db3a09d51df7,Solar Panel,LG Electronics,LG,LG280S1W-B3
9060,8b5af967-8b42-4668-a82b-e7ae02bc4b55,Solar Panel,LG Electronics,LG,LG280S1C-G4
9061,8f0009c6-baa1-4e0b-ad29-6845a930e64d,Solar Panel,LG Electronics,LG,LG280S1W-G4
9062,f4e7ba41-c582-4e04-b405-6b344ddb17fc,Solar Panel,LG Electronics,LG,LG285N1C-A3
9063,21cf2685-f61e-47d9-bf32-9028021e471d,Solar Panel,LG Electronics,LG,LG280S1W-L4
9064,d4f747d4-10a5-44d3-8293-aba825f5755b,Solar Panel,LG Electronics,LG,LG285N1C-B3
9065,5782fae5-07e0-4d61-bac4-c2b997673190,Solar Panel,LG Electronics,LG,LG285N1K-A3
9066,174b0ef6-d1ff-42cc-b71f-140df449ab7c,Solar Panel,LG Electronics,LG,LG285N1W-A3
9067,b4440912-38c1-4c10-80cc-ee41c69cef08,Solar Panel,LG Electronics,LG,LG285N1K-B3
9068,481d4ea7-80f3-4617-bfb6-4b50a22acd24,Solar Panel,LG Electronics,LG,LG285N1C-G3
9069,02593ade-9b70-4210-a68b-029b35efed4b,Solar Panel,LG Electronics,LG,LG285N1W-G3
9070,b9d76423-1488-4950-920a-63d9237ca28e,Solar Panel,LG Electronics,LG,LG285S1C-G4
9071,8de250d3-1aaa-4d11-b4fe-f4af410bdee8,Solar Panel,LG Electronics,LG,LG285N1W-B3
9072,ff2aa9cf-ef00-4c5f-b8c9-035af39f3825,Solar Panel,LG Electronics,LG,LG285S1C-A5
9073,927de916-b364-4368-86c0-a62de70eac0d,Solar Panel,LG Electronics,LG,LG285S1W-A5
9074,33c49787-96b4-4bca-8ca7-fa0c79add66b,Solar Panel,LG Electronics,LG,LG285S1W-G4
9075,81556b37-5d19-46ba-b4c1-2a63049b6ee0,Solar Panel,LG Electronics,LG,LG285S1W-L4
9076,665a804a-f90a-4f83-9019-6b840125b39a,Solar Panel,LG Electronics,LG,LG285S1C-L4
9077,330eaa7f-d5a0-450f-ac53-57d371439e81,Solar Panel,LG Electronics,LG,LG290N1C-B3
9078,63381eaa-105d-43f9-a668-082ca667f485,Solar Panel,LG Electronics,LG,LG290N1C-A3
9079,76462e41-10d8-418d-9317-f54c3aa30007,Solar Panel,LG Electronics,LG,LG290N1C-G3
9080,a0c97938-0b61-4aab-ae72-061da179dfad,Solar Panel,LG Electronics,LG,LG290N1K-A3
9081,a2064545-e260-4ab4-9b86-7c46107547a2,Solar Panel,LG Electronics,LG,LG290N1K-B3
9082,79947ea6-a796-4149-bd52-ec62c1e8f2d5,Solar Panel,LG Electronics,LG,LG290N1W-A3
9083,f572025d-7219-4b6b-b6bd-a952000f9123,Solar Panel,LG Electronics,LG,LG290N1K-Z4
9084,f2d99e92-283e-4ffa-8b59-92c286c66b49,Solar Panel,LG Electronics,LG,LG290N1T-A4
9085,0275bd9f-ddb5-4718-9183-57af9642eac1,Solar Panel,LG Electronics,LG,LG290S1C-A5
9086,fed12703-6a47-48e7-ac08-e67403473174,Solar Panel,LG Electronics,LG,LG290N1W-G3
9087,cfdaf898-5902-4a58-ba32-ac94dce72fc3,Solar Panel,LG Electronics,LG,LG290N1W-B3
9088,a5e25b85-5033-468b-b620-cadad95b5362,Solar Panel,LG Electronics,LG,LG290S1C-G4
9089,e4647c7a-2b9d-4614-a9c0-dc3b34cf1660,Solar Panel,LG Electronics,LG,LG290S1W-L4
9090,126a4392-b520-4f42-9621-cf570737a437,Solar Panel,LG Electronics,LG,LG290S1W-A5
9091,d2eabe53-e621-4bc3-ac05-d30ffe413730,Solar Panel,LG Electronics,LG,LG290S1W-G4
9092,0729bcbd-ef89-49cf-bef7-520233f691d2,Solar Panel,LG Electronics,LG,LG290S1C-L4
9093,a29be903-6a27-469d-99ea-b994bcb7c179,Solar Panel,LG Electronics,LG,LG295A1C-B3
9094,c702e302-ad88-4570-945f-e456232d06bb,Solar Panel,LG Electronics,LG,LG295N1C-B3
9095,92e6fd84-2683-4867-9535-11dad85dfb6c,Solar Panel,LG Electronics,LG,LG295N1C-A3
9096,5092ad3b-0e5b-4649-8208-e3bd6ca81507,Solar Panel,LG Electronics,LG,LG295A1W-B3
9097,ee239f47-80cc-45b7-b7e6-ba1643353e8e,Solar Panel,LG Electronics,LG,LG295N1K-B3
9098,8948b3bb-5873-4f1d-b3a2-beab2d25b967,Solar Panel,LG Electronics,LG,LG295N1C-G3
9099,c3e562b3-a061-4c99-9114-1debd14cba7e,Solar Panel,LG Electronics,LG,LG295N1C-G4
9100,d9c49b32-7acb-48a4-bb56-c93aa2026077,Solar Panel,LG Electronics,LG,LG295N1K-A3
9101,286868d6-2d60-4fa3-a537-5077ee4c05b4,Solar Panel,LG Electronics,LG,LG295N1K-Z4
9102,49d2cf76-099d-47d3-9308-4ed1cdb3b8c0,Solar Panel,LG Electronics,LG,LG295N1W-A3
9103,bb344ef6-c632-4124-a435-19a364c6bfcf,Solar Panel,LG Electronics,LG,LG295N1T-A4
9104,9925f024-687d-49e9-9252-a165bea2c73f,Solar Panel,LG Electronics,LG,LG295N1K-G4
9105,217595a3-dc72-4df6-b33a-ac333dc7ffd4,Solar Panel,LG Electronics,LG,LG295N1W-G4
9106,1e476e5f-7489-4791-8873-d5d015686990,Solar Panel,LG Electronics,LG,LG295N1W-B3
9107,9bd1efc7-effc-47c3-9759-ff9938d39e57,Solar Panel,LG Electronics,LG,LG295S1C-A5
9108,2ef15c5f-2ee8-400c-920d-993a11c4f125,Solar Panel,LG Electronics,LG,LG295N1W-G3
9109,c253cc31-e599-427e-9d71-3e70da5df95f,Solar Panel,LG Electronics,LG,LG295S1C-G4
9110,d3750966-f20f-46d8-87df-8b92afcaf2d0,Solar Panel,LG Electronics,LG,LG295S1W-A5
9111,70437da9-79a7-41ad-8423-119f0a4ea238,Solar Panel,LG Electronics,LG,LG295S1W-G4
9112,f0f38e92-cd9b-4bf1-95ca-31fcaffc6625,Solar Panel,LG Electronics,LG,LG300A1C-B3
9113,75be4e1a-2932-4a09-adb9-1667fd0da3ea,Solar Panel,LG Electronics,LG,LG300N1C-A3
9114,81ae5afc-a491-42c4-b956-6db04783a0b9,Solar Panel,LG Electronics,LG,LG300N1C-B3
9115,d602c526-ccf9-4308-9061-0205671bcff7,Solar Panel,LG Electronics,LG,LG300A1W-B3
9116,3f43b888-f65e-4189-8542-4c783e17b0a2,Solar Panel,LG Electronics,LG,LG300N1C-G3
9117,d86d0022-1d14-47ed-bb17-928b3f4c03ef,Solar Panel,LG Electronics,LG,LG300N1K-G4
9118,a0ffe035-877a-4876-ad47-beb92040a0f7,Solar Panel,LG Electronics,LG,LG300N1K-Z4
9119,86528883-e5f6-472b-8a56-ee9d5cb16efe,Solar Panel,LG Electronics,LG,LG300N1C-Z4
9120,6695134a-0a04-453d-8e56-3caa523cef28,Solar Panel,LG Electronics,LG,LG300N1C-G4
9121,5cc2fdbc-55ca-45cc-82a2-32e973db02d0,Solar Panel,LG Electronics,LG,LG300N1T-A4
9122,6269aa20-f935-4217-b03a-2bdb429111ba,Solar Panel,LG Electronics,LG,LG300N1W-A3
9123,f046108a-6a48-427b-9add-dbd33464d681,Solar Panel,LG Electronics,LG,LG300N1W-G3
9124,0248325c-d396-4ca6-a662-fff60a45dd5f,Solar Panel,LG Electronics,LG,LG300N1W-B3
9125,428fad53-5168-4b2b-998b-86c0127ee5c8,Solar Panel,LG Electronics,LG,LG300N1W-G4
9126,79d98876-f1e9-4df5-b8a3-938e2456e282,Solar Panel,LG Electronics,LG,LG300S1W-A5
9127,5e6f459d-80f3-421c-8335-bcd9d25db217,Solar Panel,LG Electronics,LG,LG305A1C-B3
9128,cb505448-2067-4ca5-b2a2-9d9fe7704efc,Solar Panel,LG Electronics,LG,LG300S1C-A5
9129,9429503c-38f8-4b3a-aec4-d34fd8615377,Solar Panel,LG Electronics,LG,LG305N1C-Z4
9130,3c631044-5c8b-471b-800c-607c8cad3cee,Solar Panel,LG Electronics,LG,LG305A1W-B3
9131,5ccbe91a-dead-43d2-8343-6d1db5335a64,Solar Panel,LG Electronics,LG,LG305N1C-B3
9132,781b78f2-9f0a-4cf5-9b3c-0a6f9adc857c,Solar Panel,LG Electronics,LG,LG305N1C-G4
9133,112c7946-abac-47f4-a3dd-0d92c41c5de3,Solar Panel,LG Electronics,LG,LG305N1K-G4
9134,c43f24cc-e9d7-4974-8ca9-5c663324b28d,Solar Panel,LG Electronics,LG,LG305N1T-A4
9135,4828e6e9-1a52-4381-ab49-688d3fa6df8e,Solar Panel,LG Electronics,LG,LG305N1T-A5
9136,6f6b687b-21e7-477f-8b71-9a94feb7838a,Solar Panel,LG Electronics,LG,LG305N1K-Z4
9137,181bdbea-9146-4abc-a321-02762ddbdac7,Solar Panel,LG Electronics,LG,LG305N1W-B3
9138,7b4b2259-bd0d-442c-82f5-d78993b6f74c,Solar Panel,LG Electronics,LG,LG305N1W-G4
9139,c6719051-b00e-49f1-9a0d-0ff7682e51c7,Solar Panel,LG Electronics,LG,LG305S1W-A5
9140,6f7e2e77-9a46-492d-883a-beea26597cb3,Solar Panel,LG Electronics,LG,LG305S1C-A5
9141,aeb19d68-8aec-4f44-af7a-b51dce91ac1a,Solar Panel,LG Electronics,LG,LG310N1C-G4
9142,e10c90e3-b5fd-4015-9144-c42dca9733e5,Solar Panel,LG Electronics,LG,LG310N1C-B3
9143,b85d2a15-b056-45f6-8573-8df6923ec405,Solar Panel,LG Electronics,LG,LG310N1C-Z4
9144,478d2bbb-2b9f-4e8b-a830-2c20727ec126,Solar Panel,LG Electronics,LG,LG310N1C-V5
9145,7cfa513f-f92a-49e4-85f0-2b0c0001633f,Solar Panel,LG Electronics,LG,LG310N1K-L5
9146,d2af7bef-7dae-45e1-9039-df049c513538,Solar Panel,LG Electronics,LG,LG310N1K-A5
9147,25304cae-5ee7-4a7c-a151-bf209bf3822e,Solar Panel,LG Electronics,LG,LG310N1K-V5
9148,7133ec79-b430-4b8e-8ac1-07210cedd092,Solar Panel,LG Electronics,LG,LG310N1K-G4
9149,6ebeec91-c44d-474c-9e2c-d17e7bfa4ce0,Solar Panel,LG Electronics,LG,LG310N1T-A5
9150,f09f3692-e882-4929-afdd-d27d9dfd13b4,Solar Panel,LG Electronics,LG,LG310N1T-A4
9151,faac4be6-2615-4b14-b314-1a8dee62f708,Solar Panel,LG Electronics,LG,LG310N1T-L5
9152,e08fbfe4-1750-4480-b40f-6f11fb7c289e,Solar Panel,LG Electronics,LG,LG310N1K-Z4
9153,4b6e5c53-b726-4bd6-94f3-0351a6066abb,Solar Panel,LG Electronics,LG,LG310N1T-V5
9154,d7ca10f5-ebfc-480d-8712-5df5d744ca4a,Solar Panel,LG Electronics,LG,LG310N1W-B3
9155,deae4944-d5f5-494e-9e4f-a75bd20629cc,Solar Panel,LG Electronics,LG,LG310N1W-V5
9156,fb0946eb-6df0-42fe-874a-a8fe0957017d,Solar Panel,LG Electronics,LG,LG310N1W-G4
9157,02079913-915e-45f5-9381-2a2911cfd688,Solar Panel,LG Electronics,LG,LG315N1C-V5
9158,f89284d3-4d4c-4b16-844e-dfc33acf0d0b,Solar Panel,LG Electronics,LG,LG315N1C-L5
9159,5b2fbc6d-cfec-4bf4-a43b-b625c22e1321,Solar Panel,LG Electronics,LG,LG315E1K-A5
9160,b7dfa525-4327-442b-b604-86ced6f535a6,Solar Panel,LG Electronics,LG,LG315N1C-G4
9161,6a49a49d-52ad-4de0-a3d3-85ac7d5361c2,Solar Panel,LG Electronics,LG,LG315N1K-A5
9162,56903807-e7ab-4415-93e5-9043b50db3ed,Solar Panel,LG Electronics,LG,LG315N1K-L5
9163,f93d88e9-8bf7-48c6-a14d-1f7cdfd80ea4,Solar Panel,LG Electronics,LG,LG315N1K-G4
9164,cb12e6cc-379f-4abf-95e1-26b6bbfacfc8,Solar Panel,LG Electronics,LG,LG315N1C-Z4
9165,95d64d68-8017-42f6-b38c-9ae4672ae899,Solar Panel,LG Electronics,LG,LG315N1T-A4
9166,ef43bf1e-1427-4cbc-a611-9820a43f319f,Solar Panel,LG Electronics,LG,LG315N1K-Z4
9167,bb2146ab-f378-47fe-8df2-5b5ad7884e66,Solar Panel,LG Electronics,LG,LG315N1T-A5
9168,eb559d3c-19e5-4d8c-b94d-9465c69d0d62,Solar Panel,LG Electronics,LG,LG315N1K-V5
9169,a1cadcad-9b19-4033-a9c9-d00a0be37c6c,Solar Panel,LG Electronics,LG,LG315N1W-G4
9170,1255c1c2-bb5e-4186-9c62-aa3471749d73,Solar Panel,LG Electronics,LG,LG315N1W-L5
9171,417e5236-ee0c-4ed9-bf0c-4d0a94e0b2d0,Solar Panel,LG Electronics,LG,LG315N1T-L5
9172,1bcc7c46-82e6-4091-993c-a3fa64960ddc,Solar Panel,LG Electronics,LG,LG315N1T-V5
9173,16ca5df4-0cac-4c6b-a6e8-d2ea1aabe7b5,Solar Panel,LG Electronics,LG,LG320N1C-G4
9174,11ee227f-0456-421e-86bd-80b01aa28c2d,Solar Panel,LG Electronics,LG,LG320N1C-A5
9175,f819f9c4-ee47-4354-b11d-cdf0fe0ad4fb,Solar Panel,LG Electronics,LG,LG320E1K-A5
9176,32d64d62-424a-49f6-ab12-821254470428,Solar Panel,LG Electronics,LG,LG315N1W-V5
9177,78f02126-dfec-4227-9307-d33d900014b4,Solar Panel,LG Electronics,LG,LG320N1C-Z4
9178,748835f0-07fd-4c51-b89b-17541e36d225,Solar Panel,LG Electronics,LG,LG320N1C-L5
9179,eae971e8-102b-4bcc-aef0-23e9ea030bbc,Solar Panel,LG Electronics,LG,LG320N1C-V5
9180,5550d480-62ef-4755-ba80-017abe424b26,Solar Panel,LG Electronics,LG,LG320N1C-N5
9181,ad114a68-2c6d-437f-a712-0c3d90586376,Solar Panel,LG Electronics,LG,LG320N1C-Z5
9182,1250cbe8-6b1c-40cb-b8dd-2440c535d203,Solar Panel,LG Electronics,LG,LG320N1K-G4
9183,e4693bd1-7d2b-4bee-98a6-deef53070e92,Solar Panel,LG Electronics,LG,LG320N1K-L5
9184,d96351ef-ed0e-49cf-a8fc-8aab265b0347,Solar Panel,LG Electronics,LG,LG320N1K-A5
9185,94aa1f38-fd33-4c4f-be72-9dbd6d38d3ba,Solar Panel,LG Electronics,LG,LG320N1K-V5
9186,2c57f79d-77fe-4e70-974e-47aac48bd245,Solar Panel,LG Electronics,LG,LG320N1T-L5
9187,e1a25738-9163-4c61-94fd-5aa73e3cd3d1,Solar Panel,LG Electronics,LG,LG320N1T-A5
9188,e321ae2a-f39d-472b-9e90-e5a12f0caa07,Solar Panel,LG Electronics,LG,LG320N1K-Z4
9189,8e1fddbf-772a-4cc3-875d-f4b5c0b49ba6,Solar Panel,LG Electronics,LG,LG320N1W-G4
9190,929021e2-6246-4529-8407-e92876085431,Solar Panel,LG Electronics,LG,LG320N1W-A5
9191,6131b597-585a-4267-a8b9-ac760720e631,Solar Panel,LG Electronics,LG,LG320N1W-L5
9192,85611cb0-9838-430e-94cc-62409148774e,Solar Panel,LG Electronics,LG,LG320N1T-V5
9193,0e2a42d7-5700-47f2-946f-0874e6e86799,Solar Panel,LG Electronics,LG,LG320S2W-G4
9194,d3734532-ded7-4051-8184-a7f603de7e9d,Solar Panel,LG Electronics,LG,LG320S2C-G4
9195,3cc716c9-ea45-487d-a3a7-3806b970993d,Solar Panel,LG Electronics,LG,LG320N1W-V5
9196,9840fcfa-f4f5-4f84-a524-797e24af99ad,Solar Panel,LG Electronics,LG,LG320N1W-N5
9197,9784f17b-6a86-4c80-8366-454f59229afc,Solar Panel,LG Electronics,LG,LG325N1C-A5
9198,15ef166f-c2e8-428c-b00d-0e71a7e6df54,Solar Panel,LG Electronics,LG,LG325E1K-A5
9199,bd843ef5-5cd0-4c94-a5d6-aaa9bb16b95a,Solar Panel,LG Electronics,LG,LG325E1C-A5
9200,d60b397d-8324-466c-9c7f-9009ed218018,Solar Panel,LG Electronics,LG,LG325N1C-G4
9201,4e6dac39-656a-4fb3-b150-2a20865d9ba7,Solar Panel,LG Electronics,LG,LG325N1C-V5
9202,fa2abf33-7ff0-4037-aa1d-1a57392cb401,Solar Panel,LG Electronics,LG,LG325N1C-L5
9203,ee59b6f8-84f9-4d1b-996b-404a5165d78c,Solar Panel,LG Electronics,LG,LG325N1C-N5
9204,9c6a3c59-3f60-408a-a646-f522c123d8e9,Solar Panel,LG Electronics,LG,LG325N1C-Z4
9205,a88b3511-c87d-41fd-9b25-9a698c7edd93,Solar Panel,LG Electronics,LG,LG325N1K-L5
9206,5ef5acfc-13dd-4ba1-a58e-5dacbc64616b,Solar Panel,LG Electronics,LG,LG325N1K-V5
9207,33abb723-88ab-4830-8ebd-5b4db114bf7d,Solar Panel,LG Electronics,LG,LG325N1C-Z5
9208,8ff01044-e7d9-489c-bf5c-1c21d15fbaa7,Solar Panel,LG Electronics,LG,LG325N1K-A5
9209,17fcb969-6179-4a97-bd93-ef38c61ae5b4,Solar Panel,LG Electronics,LG,LG325N1W-A5
9210,50591c56-7fed-44c2-a85b-9b6cf3fd7f67,Solar Panel,LG Electronics,LG,LG325N1T-A5
9211,246a6479-4c8f-4084-bd45-7e613536ae77,Solar Panel,LG Electronics,LG,LG325N1T-V5
9212,75446d81-1461-46dc-8454-2d243f10e5c8,Solar Panel,LG Electronics,LG,LG325N1T-L5
9213,773cfda8-e007-4f3c-aa37-59e1be0658fb,Solar Panel,LG Electronics,LG,LG325N1W-N5
9214,2ac23f89-17fb-4208-aa74-86a0e5cf6b4a,Solar Panel,LG Electronics,LG,LG325N1W-G4
9215,7d3758f1-d9cf-4948-89ee-b83b6ffb2e4c,Solar Panel,LG Electronics,LG,LG325N1W-V5
9216,a65fbb15-096e-4015-a401-5b7794783978,Solar Panel,LG Electronics,LG,LG325N1W-L5
9217,b37f851a-55a3-4122-8732-74b6be83a1c5,Solar Panel,LG Electronics,LG,LG330E1C-A5
9218,9af6032d-fb74-4b04-bc0d-50767d540360,Solar Panel,LG Electronics,LG,LG325S2W-G4
9219,3e244cf0-b2e8-464d-9949-d4eefaee9296,Solar Panel,LG Electronics,LG,LG330N1C-A5
9220,dfd7a339-e0cd-4201-b2e8-562a37ca738c,Solar Panel,LG Electronics,LG,LG325S2C-G4
9221,eca18554-c1d2-4241-b5c9-c1fc02166332,Solar Panel,LG Electronics,LG,LG330N1C-Z4
9222,12d29578-2c2d-45d6-ac63-900a9e08f7f0,Solar Panel,LG Electronics,LG,LG330N1C-V5
9223,eaf05e6a-77fd-473c-9bf2-eac9f5fe7149,Solar Panel,LG Electronics,LG,LG330N1C-L5
9224,d8b967d2-5bb2-4f31-a64d-15b26de7428b,Solar Panel,LG Electronics,LG,LG330N1C-N5
9225,4a4d07b2-62f8-48a3-a397-97ae6db39394,Solar Panel,LG Electronics,LG,LG330N1K-L5
9226,30e4325d-ad28-42fb-aa99-a4ef1399a570,Solar Panel,LG Electronics,LG,LG330N1K-V5
9227,d0416e8f-e6b2-4232-b56b-929941ba35b2,Solar Panel,LG Electronics,LG,LG330N1C-Z5
9228,c325da92-158d-443d-b356-0068074c3e78,Solar Panel,LG Electronics,LG,LG330N1K-A5
9229,1b5cd34a-1161-4a3e-9009-5fd878de532c,Solar Panel,LG Electronics,LG,LG330N1T-L5
9230,53d9e309-ae40-47df-9ac4-c51016461aa5,Solar Panel,LG Electronics,LG,LG330N1T-V5
9231,433892d2-00e7-45b9-b473-f74c16c0d30c,Solar Panel,LG Electronics,LG,LG330N1W-A5
9232,36f627fe-450c-492c-b484-3bafc71f6216,Solar Panel,LG Electronics,LG,LG330N1T-A5
9233,f8cb32f8-0158-4d69-981f-20b37b3830c5,Solar Panel,LG Electronics,LG,LG330N1W-N5
9234,1bc08cfe-2e83-4cac-a3ef-1b311205b24b,Solar Panel,LG Electronics,LG,LG330N1W-V5
9235,bfbd61cd-697d-43b9-b92f-99a72d72cd35,Solar Panel,LG Electronics,LG,LG330Q1C-V5
9236,082c6dda-bf25-407f-82c5-8b988119cb8f,Solar Panel,LG Electronics,LG,LG330N1W-L5
9237,5ceddb18-334d-496d-a8fa-0aaf1fad49e9,Solar Panel,LG Electronics,LG,LG330S2C-G4
9238,b07ebc2d-6256-44d9-9e9e-db084f0aa1e0,Solar Panel,LG Electronics,LG,LG333N1C-A5
9239,e3d1dd6a-69a0-4452-88ef-19f5e4f41120,Solar Panel,LG Electronics,LG,LG330S2W-G4
9240,361f40d3-3e5b-4958-a471-affaaae1c1e9,Solar Panel,LG Electronics,LG,LG330Q1K-A5
9241,de0893aa-23d9-43ca-b9dd-5a5703e5f346,Solar Panel,LG Electronics,LG,LG333N1W-V5
9242,577697e5-2724-4a76-b16f-c0124892278b,Solar Panel,LG Electronics,LG,LG335E1C-A5
9243,783b77df-4d3e-42ce-8ec3-19a89ff8b8c1,Solar Panel,LG Electronics,LG,LG333N1W-A5
9244,c15b8d56-d99b-4a91-910b-bad79d622bdb,Solar Panel,LG Electronics,LG,LG333N1C-V5
9245,8218fce5-a573-4491-a88c-65f1c0289bb0,Solar Panel,LG Electronics,LG,LG335N1C-N5
9246,c94a9398-ce34-4c35-87a2-c570613be700,Solar Panel,LG Electronics,LG,LG335N1C-L5
9247,a42aa298-6fbe-40c6-a42a-40e87efbd52b,Solar Panel,LG Electronics,LG,LG335N1C-V5
9248,fee43dfd-39d9-42f1-8cc2-13aca41e565a,Solar Panel,LG Electronics,LG,LG335N1C-A5
9249,25a13677-0489-413a-abf3-4e8e5d3ba58a,Solar Panel,LG Electronics,LG,LG335N1C-Z5
9250,4d8e46da-b973-4b01-86b9-a5c9350bbaec,Solar Panel,LG Electronics,LG,LG335N1K-L5
9251,449b6e0b-cf3c-4ca9-a12c-41b784b494eb,Solar Panel,LG Electronics,LG,LG335N1K-V5
9252,8972784e-8b45-4775-ae88-4d8264b69e6b,Solar Panel,LG Electronics,LG,LG335N1K-A5
9253,35ad3d69-d9c4-4ef2-9c38-04e43b767b3a,Solar Panel,LG Electronics,LG,LG335N1T-V5
9254,1cdab3af-1465-44bd-b564-549fe0d40776,Solar Panel,LG Electronics,LG,LG335N1W-A5
9255,02edcb0a-45c3-4593-be7d-88bf933f9f5f,Solar Panel,LG Electronics,LG,LG335N1T-L5
9256,a6767851-2ee8-4375-8091-f87e58c80af9,Solar Panel,LG Electronics,LG,LG335N1T-A5
9257,ebd68f48-a0ad-4ad3-8642-77d11e52ef77,Solar Panel,LG Electronics,LG,LG335N1W-L5
9258,daee3350-af3a-4c0a-bd32-e8abe8969d1a,Solar Panel,LG Electronics,LG,LG335N1W-V5
9259,c41b9149-d758-42af-8f94-f3515b0c5103,Solar Panel,LG Electronics,LG,LG335N1W-N5
9260,30da3f47-fe9e-4680-81b0-00bc50d6fc02,Solar Panel,LG Electronics,LG,LG335Q1C-V5
9261,88fabe6d-abef-43af-b08b-f65f01240227,Solar Panel,LG Electronics,LG,LG335S2W-G4
9262,e4a9795e-2834-4735-a25a-e1ca563ba51a,Solar Panel,LG Electronics,LG,LG340M1K-L5
9263,023e2928-a1ba-4928-8693-f457890ba702,Solar Panel,LG Electronics,LG,LG335S2C-G4
9264,acb2e515-df3e-485a-a454-db71c5214380,Solar Panel,LG Electronics,LG,LG335Q1K-A5
9265,7384a068-6778-4bc8-a4ac-20e17034296f,Solar Panel,LG Electronics,LG,LG340N1C-A5
9266,9e0a969e-a9b7-4ee8-b125-89340289ffb0,Solar Panel,LG Electronics,LG,LG340N1C-V5
9267,96ce77c4-367b-4cf9-9480-72d27575aab1,Solar Panel,LG Electronics,LG,LG340N1C-N5
9268,d6afadba-9491-4ab6-9e92-3e802fefdc64,Solar Panel,LG Electronics,LG,LG340N1C-L5
9269,0330e13e-05bd-457c-a0ea-74eefc93e40c,Solar Panel,LG Electronics,LG,LG340N1K-V5
9270,583317ff-84b6-4fb7-b81e-2fef92f14aaa,Solar Panel,LG Electronics,LG,LG340N1C-Z5
9271,8346e7af-5eec-4a88-a85d-2ec5904b9a75,Solar Panel,LG Electronics,LG,LG340N1K-L5
9272,922ccf22-1d14-4e3e-8a1e-c2fbd3a645f6,Solar Panel,LG Electronics,LG,LG340N1T-L5
9273,1102aa06-e242-4141-a8c7-178b25509440,Solar Panel,LG Electronics,LG,LG340N1W-L5
9274,14180b93-d973-4d6f-bb12-2706083326ca,Solar Panel,LG Electronics,LG,LG340N1T-V5
9275,83c041b7-2f42-429f-9db6-4ba84410582e,Solar Panel,LG Electronics,LG,LG340N1W-N5
9276,3de5135f-de5a-4b00-97d6-12ceee9136ac,Solar Panel,LG Electronics,LG,LG340N1W-A5
9277,d963c65a-878f-41b8-8a2c-09d398caa8cf,Solar Panel,LG Electronics,LG,LG340Q1K-A5
9278,530c4b9a-aa46-4398-8116-7141fef25471,Solar Panel,LG Electronics,LG,LG340Q1C-A5
9279,02eeaf4b-06c3-4053-a91e-561123266db9,Solar Panel,LG Electronics,LG,LG340N1W-V5
9280,c41e609b-a21d-4b2f-ab27-7ef4d36621b8,Solar Panel,LG Electronics,LG,LG340Q1C-V5
9281,243e8962-c2e5-476f-8f54-7c1a3f5a6d06,Solar Panel,LG Electronics,LG,LG345M1K-L5
9282,3300db7d-bd51-452b-a73b-f71a91190064,Solar Panel,LG Electronics,LG,LG340S2C-G4
9283,0c296d51-a19a-410f-9c36-26c1f9150867,Solar Panel,LG Electronics,LG,LG340S2W-G4
9284,b3dcdf3c-14cf-4580-aa81-02db74b5a12f,Solar Panel,LG Electronics,LG,LG340S2W-A5
9285,907789b3-debb-483f-bbab-348b9fceb4b7,Solar Panel,LG Electronics,LG,LG345N1C-N5
9286,45925171-9d6e-43a8-b634-6da6464e795b,Solar Panel,LG Electronics,LG,LG345N1C-V5
9287,fdab8ed0-a6b7-4ba0-b3cf-9f8d6514fac7,Solar Panel,LG Electronics,LG,LG345N1C-L5
9288,563aa081-aac1-4119-b8b3-f11ada7bd778,Solar Panel,LG Electronics,LG,LG345N1C-A5
9289,6ff0ec6e-9106-4546-ba80-d77074557acc,Solar Panel,LG Electronics,LG,LG345N1K-A6
9290,7ab1e444-0d43-4b6c-988c-809541e0ea07,Solar Panel,LG Electronics,LG,LG345N1C-Z5
9291,0a04d1ec-bade-41ae-8b15-cd3b5426aee1,Solar Panel,LG Electronics,LG,LG345N1K-L5
9292,c34dcc4a-50a4-4e03-bc40-d072600aee10,Solar Panel,LG Electronics,LG,LG345N1K-B6
9293,bbd2bd4e-2d5d-4894-8508-b917e2533df5,Solar Panel,LG Electronics,LG,LG345N1W-A5
9294,c8a9e940-2d76-49b7-9083-7e0d61c3810b,Solar Panel,LG Electronics,LG,LG345N1T-L5
9295,91b34a5c-6a84-43e7-8638-810e29fc6ab5,Solar Panel,LG Electronics,LG,LG345N1W-N5
9296,149a75e6-f550-40d8-912b-fe5a2f45adf5,Solar Panel,LG Electronics,LG,LG345N1W-L5
9297,63f049a7-f024-4657-b06a-f2bd95764eb4,Solar Panel,LG Electronics,LG,LG345N1W-V5
9298,fd152f8a-88d8-475a-bb24-3fbb4542e3d9,Solar Panel,LG Electronics,LG,LG345Q1K-A5
9299,c61c90d6-09d9-4786-92a9-cb162fe05d7b,Solar Panel,LG Electronics,LG,LG345Q1C-V5
9300,0b956f63-c975-4dc2-be06-92c87389ff95,Solar Panel,LG Electronics,LG,LG345Q1C-A5
9301,59288ea6-0d3d-4a88-90b1-af4c6b586d1e,Solar Panel,LG Electronics,LG,LG345S2W-A5
9302,4e070ce1-28cc-4a67-8ca7-c0f83ec02c75,Solar Panel,LG Electronics,LG,LG345S2C-G4
9303,a610f85e-fce2-4230-a631-be29f9223373,Solar Panel,LG Electronics,LG,LG345Q1K-V5
9304,1c9a2c5d-c58e-4155-972c-4b9243c0d3d0,Solar Panel,LG Electronics,LG,LG345S2W-G4
9305,9ca23ac1-5b7f-4571-b62d-a21f69d5f7e2,Solar Panel,LG Electronics,LG,LG350M1K-L5
9306,7be32eb0-5244-40af-9416-24a823957a7e,Solar Panel,LG Electronics,LG,LG350N1C-L5
9307,d5771773-70de-4063-b633-4353b197d932,Solar Panel,LG Electronics,LG,LG350N1C-N5
9308,82c83798-e592-4d22-873b-e4509befe6f9,Solar Panel,LG Electronics,LG,LG350N1C-V5
9309,f4f6b014-51ad-47d3-8d71-602f8e6047ac,Solar Panel,LG Electronics,LG,LG350N1K-A6
9310,cc099cbb-58b0-4b0e-bd34-5f78036bd27a,Solar Panel,LG Electronics,LG,LG350N1K-L5
9311,f06361b3-16d4-4a4e-955c-e946a87ce102,Solar Panel,LG Electronics,LG,LG350N1K-E6
9312,5b99dc0f-27c9-4d42-adf2-faa7492d9104,Solar Panel,LG Electronics,LG,LG350N1K-B6
9313,5d57ecca-551d-4aa6-b1d3-08558f872ccd,Solar Panel,LG Electronics,LG,LG350N1W-N5
9314,fb305ae7-bf69-4abf-8cdb-d2db10ce3c9a,Solar Panel,LG Electronics,LG,LG350N1W-L5
9315,edc9ac68-5226-41b2-bd9d-d0af9926a92c,Solar Panel,LG Electronics,LG,LG350N1W-V5
9316,92763202-23ea-4772-9960-cd318a90b531,Solar Panel,LG Electronics,LG,LG350N2C-B3
9317,eec52f3d-fd9e-4062-849a-9385e6e7a0f4,Solar Panel,LG Electronics,LG,LG350Q1C-A5
9318,a74c8cb6-1d4e-49e8-97d1-063ed5eb41e8,Solar Panel,LG Electronics,LG,LG350Q1C-V5
9319,66dfad37-d208-435b-90fa-e1d5453c4598,Solar Panel,LG Electronics,LG,LG350N2W-B3
9320,05740cf9-675e-47b6-955b-7516a97ae70a,Solar Panel,LG Electronics,LG,LG350N2T-A4
9321,32d9f6bc-5eef-4f5e-9b18-80950c9d8005,Solar Panel,LG Electronics,LG,LG350Q1K-A5
9322,823426b5-53a9-4f1e-bb0c-a6fdaf15821d,Solar Panel,LG Electronics,LG,LG355A1C-A5
9323,ef06dec7-c319-4138-9bb1-a3abf007acc8,Solar Panel,LG Electronics,LG,LG350Q1K-V5
9324,a59da493-5dbf-4210-93dd-ddcdd089f55c,Solar Panel,LG Electronics,LG,LG350S2W-A5
9325,759d8d58-baa3-4c80-a131-0adf40aa119a,Solar Panel,LG Electronics,LG,LG355N1C-A6
9326,699c433f-bf6e-4d72-9609-67bd4ceaac04,Solar Panel,LG Electronics,LG,LG355M1K-A6
9327,0b3f4a34-7a0a-48a8-8250-4cc5d0627749,Solar Panel,LG Electronics,LG,LG355N1C-E6
9328,5b0d013b-11e7-4fb0-b9dc-19258e2a32d1,Solar Panel,LG Electronics,LG,LG355M1C-N5
9329,1cf37dc5-77e3-4c78-a874-81567a83706f,Solar Panel,LG Electronics,LG,LG355N1C-V5
9330,522ea9a1-21c6-4db7-aa27-ebefc393aa5d,Solar Panel,LG Electronics,LG,LG355N1C-L5
9331,6810761f-8cd6-4b1a-a6ae-599202c0b0f0,Solar Panel,LG Electronics,LG,LG355N1C-N5
9332,29e0b75e-9ea1-443a-a5ba-3c8b0f44b3b6,Solar Panel,LG Electronics,LG,LG355N1K-A6
9333,c0b644de-b96a-4b1d-a9bd-4760607cb432,Solar Panel,LG Electronics,LG,LG355N1K-L5
9334,89f5c36f-ef22-4d3c-8813-0383cae9a80d,Solar Panel,LG Electronics,LG,LG355N1K-B6
9335,97dc2e09-1052-4997-bcda-e2346265ea64,Solar Panel,LG Electronics,LG,LG355N1W-A6
9336,61854a0c-0e15-43a2-855f-bb8f72a32497,Solar Panel,LG Electronics,LG,LG355N1K-E6
9337,8c5424ec-50b7-47d1-a0cb-028f42dec4fb,Solar Panel,LG Electronics,LG,LG355N1W-N5
9338,63f8f009-25b1-4838-a461-29ddd40483ca,Solar Panel,LG Electronics,LG,LG355N1W-L5
9339,9e1a6dd3-1384-467c-a7c3-4d15ac85decd,Solar Panel,LG Electronics,LG,LG355N1W-V5
9340,cfbea2db-268e-4dca-b1a4-31014c696a4e,Solar Panel,LG Electronics,LG,LG355N1W-E6
9341,7e74568b-4f86-48a6-8974-b3f7d8a2eb88,Solar Panel,LG Electronics,LG,LG355N2T-A4
9342,e54c3de4-3a0e-4654-a06e-583fc740319d,Solar Panel,LG Electronics,LG,LG355Q1C-A5
9343,e710b088-7b4b-4852-9ff4-51d130660790,Solar Panel,LG Electronics,LG,LG355N2C-B3
9344,5b5bdb77-13c9-4a2c-bdab-e98495543952,Solar Panel,LG Electronics,LG,LG355N2W-B3
9345,6b6c4e09-9993-4319-9e14-4f1ea8ad2806,Solar Panel,LG Electronics,LG,LG355Q1K-A5
9346,b65670a1-13cc-4d4d-8405-879f54af28e1,Solar Panel,LG Electronics,LG,LG355Q1C-V5
9347,b3a622e3-63bd-4f3d-b42b-2046edbacedd,Solar Panel,LG Electronics,LG,LG355Q1K-V5
9348,85ae234d-1d61-42ee-a329-5d063f9d294b,Solar Panel,LG Electronics,LG,LG355S2W-A5
9349,81faaae4-f59a-4fc2-9e06-f86736108f2d,Solar Panel,LG Electronics,LG,LG360M1K-A6
9350,4205668a-e6c4-4bbc-85fb-423197407ef7,Solar Panel,LG Electronics,LG,LG360A1K-V5
9351,47f1adcf-9794-4879-a550-056be783843f,Solar Panel,LG Electronics,LG,LG360A1C-A5
9352,13244c49-cf79-45f5-b34e-5cea6124100f,Solar Panel,LG Electronics,LG,LG360M1C-N5
9353,26e791c6-30b6-4dec-afbd-893be4754240,Solar Panel,LG Electronics,LG,LG360N1C-A6
9354,9c69c094-1298-4277-bd63-385e11e90c3c,Solar Panel,LG Electronics,LG,LG360N1C-N5
9355,ca608aaf-d8e8-42fa-96dc-bce113b5a270,Solar Panel,LG Electronics,LG,LG360N1C-L5
9356,e3002d9b-94e3-45df-98b0-310a88cf7fe6,Solar Panel,LG Electronics,LG,LG360N1C-E6
9357,4dd656b2-33a5-4856-aa0a-8b003802dce3,Solar Panel,LG Electronics,LG,LG360N1K-E6
9358,ca672f65-d0f1-406c-8e9a-e5e2c774394a,Solar Panel,LG Electronics,LG,LG360N1K-A6
9359,2394e06d-b9b1-44f8-a746-df5df3599b8b,Solar Panel,LG Electronics,LG,LG360N1K-B6
9360,ba46dcb3-0771-4839-ac4e-6a6a76ed3888,Solar Panel,LG Electronics,LG,LG360N1W-A6
9361,22aa8ed7-f51e-4d59-a640-32f34ac62640,Solar Panel,LG Electronics,LG,LG360N2C-B3
9362,a306631f-27d2-4c03-b2fc-2734ce46792b,Solar Panel,LG Electronics,LG,LG360N1W-L5
9363,3d816e83-d4dc-46a2-ba2b-576d33a8bd25,Solar Panel,LG Electronics,LG,LG360N1W-E6
9364,7964767e-0663-4378-a517-c27eae2e5980,Solar Panel,LG Electronics,LG,LG360N1W-N5
9365,c7326d99-5735-4e35-90c0-61daeba60d9f,Solar Panel,LG Electronics,LG,LG360N2K-G4
9366,c072a75f-6221-4694-813e-48705ce7dc45,Solar Panel,LG Electronics,LG,LG360N2T-A4
9367,ca4195a9-edea-4e2c-959e-fd2840e7caa8,Solar Panel,LG Electronics,LG,LG360N2C-G4
9368,ee2cd4c7-7a8e-466e-a70c-70692f785ea6,Solar Panel,LG Electronics,LG,LG360N2W-B3
9369,1f7b6939-c67e-49e1-b224-e933df5d5987,Solar Panel,LG Electronics,LG,LG360N2W-G4
9370,11c335b2-2d39-4ab6-93df-bcb54bd6010c,Solar Panel,LG Electronics,LG,LG360Q1K-A5
9371,edc24d8a-9562-4c3e-91b1-b458d5683ca7,Solar Panel,LG Electronics,LG,LG360Q1C-V5
9372,d7470c99-654d-44b3-a7dc-41f1fc699b25,Solar Panel,LG Electronics,LG,LG360Q1C-A5
9373,a1756d37-4e06-4457-8b70-7b76151b6ada,Solar Panel,LG Electronics,LG,LG365A1C-A5
9374,82e131ce-8609-4ee2-96ca-f2dfdeed723d,Solar Panel,LG Electronics,LG,LG360S2W-A5
9375,de48e63b-d517-4b73-bed3-da03603e7f73,Solar Panel,LG Electronics,LG,LG360Q1K-V5
9376,a864020d-8243-458f-ae72-771b110b9a41,Solar Panel,LG Electronics,LG,LG365A1C-V5
9377,ce4d1428-c22f-494c-ac65-9c0ff1b2187e,Solar Panel,LG Electronics,LG,LG365N1C-A6
9378,6f8fa6c5-fdf6-4233-8836-6188b97d8d5b,Solar Panel,LG Electronics,LG,LG365M1K-A6
9379,74eb1790-73c9-45da-a50c-4b99334a11d6,Solar Panel,LG Electronics,LG,LG365M1C-N5
9380,73e77cff-aac9-4b1c-be85-aa13674934a9,Solar Panel,LG Electronics,LG,LG365A1K-V5
9381,d272b295-ca44-49cb-95a5-584b446646f6,Solar Panel,LG Electronics,LG,LG365N1C-L5
9382,39d4303c-be70-4ba3-a7cf-6146c906e279,Solar Panel,LG Electronics,LG,LG365N1K-A6
9383,459f96d1-5e45-4a57-8e39-91133a458d45,Solar Panel,LG Electronics,LG,LG365N1C-N5
9384,ec6654f1-89ed-4aff-a07b-b3c5f9990e6f,Solar Panel,LG Electronics,LG,LG365N1C-E6
9385,1e063fbe-80df-4cb6-a0c0-2931c5b06a0d,Solar Panel,LG Electronics,LG,LG365N1W-E6
9386,547989ec-31ca-4330-99db-4d76ca287800,Solar Panel,LG Electronics,LG,LG365N1K-E6
9387,9d49fb51-a2ef-45be-ac8a-b947ffd62244,Solar Panel,LG Electronics,LG,LG365N1K-B6
9388,131aa77b-abef-4c15-ae7c-3951ac293dda,Solar Panel,LG Electronics,LG,LG365N1W-A6
9389,12bd3621-18bc-4149-803b-2b7a8256d0d7,Solar Panel,LG Electronics,LG,LG365N2C-G4
9390,571e0219-d0a6-46d2-b679-1d698459a22e,Solar Panel,LG Electronics,LG,LG365N1W-N5
9391,de29784e-7be6-48e6-a937-73701558845d,Solar Panel,LG Electronics,LG,LG365N2C-B3
9392,508b1dc1-5e95-4058-a408-f28f143c919f,Solar Panel,LG Electronics,LG,LG365N1W-L5
9393,d7641dbd-29cc-4539-9cea-51d3b4f6c724,Solar Panel,LG Electronics,LG,LG365N2T-A4
9394,d818086e-8581-4268-8edf-c6eb1bd6f6ad,Solar Panel,LG Electronics,LG,LG365N2K-G4
9395,1ad91b22-cc9b-4dbb-a002-a08aab99ce00,Solar Panel,LG Electronics,LG,LG365N2W-B3
9396,c69651a0-0b3d-4aa2-b1ac-63afd9365dbe,Solar Panel,LG Electronics,LG,LG365N2W-G4
9397,1deca76f-0d6e-40ca-846a-622d3f9d6b68,Solar Panel,LG Electronics,LG,LG365Q1C-V5
9398,3d3faa6f-c404-452a-8508-e3092f5fcc04,Solar Panel,LG Electronics,LG,LG365Q1C-A5
9399,619abc34-3f20-4626-a4f5-2c52412c8831,Solar Panel,LG Electronics,LG,LG365Q1K-V5
9400,da517784-c2c3-4e83-a735-bf61040c3035,Solar Panel,LG Electronics,LG,LG365S2W-A5
9401,a269c716-c25a-44e4-94de-05d0a593b848,Solar Panel,LG Electronics,LG,LG370A1C-A5
9402,ee7b9bf4-ba3c-48eb-b2e6-958ed4edae23,Solar Panel,LG Electronics,LG,LG370A1C-V5
9403,74486f21-4ebc-41bc-ae90-b57e95c43d0c,Solar Panel,LG Electronics,LG,LG370M1K-A6
9404,f4752a5f-004d-472d-8325-e46660bb4dd7,Solar Panel,LG Electronics,LG,LG370M1C-N5
9405,5f48122f-7c93-49d9-9042-85ce3da916d0,Solar Panel,LG Electronics,LG,LG370N1K-A6
9406,7c539ba8-98af-46bd-9713-6c54d49fe57b,Solar Panel,LG Electronics,LG,LG370N1C-A6
9407,d78cb706-d770-4aeb-93cd-48ded737c5e7,Solar Panel,LG Electronics,LG,LG370N1C-N5
9408,d4b2d96a-ae2b-45ea-8aed-5b2ea345282b,Solar Panel,LG Electronics,LG,LG370N1C-E6
9409,9e68da1b-65e2-4535-8dd9-d93497d408ab,Solar Panel,LG Electronics,LG,LG370N1K-B6
9410,f1fd75bc-a22a-47cb-85ef-9d0420e89778,Solar Panel,LG Electronics,LG,LG370N1W-A6
9411,27ed54ec-2477-40f5-a19d-aaca9d5ece52,Solar Panel,LG Electronics,LG,LG370N1K-E6
9412,37bff62d-cb2b-466e-a4af-c64d50f57b68,Solar Panel,LG Electronics,LG,LG370N1W-E6
9413,b54bc771-d228-4dba-b48e-bee94e2180cf,Solar Panel,LG Electronics,LG,LG370N2C-G4
9414,3f4fdbc4-6a56-4518-969f-7900958c0c78,Solar Panel,LG Electronics,LG,LG370N2C-B3
9415,40090b0b-74ce-49fb-9c60-b1c938c12a0c,Solar Panel,LG Electronics,LG,LG370N1W-N5
9416,282ee7b1-2dee-41ca-83fd-1a9fbd22a53c,Solar Panel,LG Electronics,LG,LG370N2K-G4
9417,b54bf561-8c6c-4274-80db-c6ca4b38b3dd,Solar Panel,LG Electronics,LG,LG370N2T-A4
9418,44607bbb-67fc-43e8-a878-a3803f1c57c0,Solar Panel,LG Electronics,LG,LG370N2W-B3
9419,d868d829-05a0-48db-b4d8-7d51f2ec9a87,Solar Panel,LG Electronics,LG,LG370N2W-G4
9420,e62eb7fc-31ca-4376-bad0-0f6a839c2b1d,Solar Panel,LG Electronics,LG,LG370N2T-A5
9421,f7dee95f-e9f5-4b5f-bfd1-d92f18b5a0f5,Solar Panel,LG Electronics,LG,LG370S2W-A5
9422,3a53cd98-8da3-43a1-8825-97e89f88087b,Solar Panel,LG Electronics,LG,LG370Q1C-V5
9423,81e74df8-73e2-4651-bb20-900bdd86f9b9,Solar Panel,LG Electronics,LG,LG370Q1C-A5
9424,7a290dec-273f-49c2-8956-238949543bf3,Solar Panel,LG Electronics,LG,LG370Q1K-V5
9425,284b9cd5-0a17-4f6d-9e29-1f5aa2b54c92,Solar Panel,LG Electronics,LG,LG375A1C-V5
9426,b64babce-b035-40c1-9167-b3e1823bf238,Solar Panel,LG Electronics,LG,LG375M1C-A6
9427,561fbaed-4376-4dd7-ad4a-20d79f59e02f,Solar Panel,LG Electronics,LG,LG375M1K-A6
9428,b2b39705-8804-469b-af93-02371c6c7bca,Solar Panel,LG Electronics,LG,LG375N1C-A6
9429,cb62a17e-999e-4904-bb66-30dbd2711cfa,Solar Panel,LG Electronics,LG,LG375N1K-A6
9430,830b0e85-7fe0-4449-9143-8f368745f12c,Solar Panel,LG Electronics,LG,LG375N1C-E6
9431,6521d47a-a9dc-4e78-8515-1571c39ba1ce,Solar Panel,LG Electronics,LG,LG375N1K-E6
9432,2af95e31-a875-465a-a8b3-22868b01c328,Solar Panel,LG Electronics,LG,LG375N1W-A6
9433,fa1b3a71-c898-4155-96bc-8e85936abf5c,Solar Panel,LG Electronics,LG,LG375N1W-E6
9434,199af847-169c-4291-ab17-633bc4716320,Solar Panel,LG Electronics,LG,LG375N2C-B3
9435,169ce98f-9b54-45d3-8a9d-7d7b999557a0,Solar Panel,LG Electronics,LG,LG375N2K-A5
9436,26a2b319-9f37-4b4e-b101-a44f802ef095,Solar Panel,LG Electronics,LG,LG375N2C-G4
9437,2dd4b5d9-8b89-4e94-904e-698a2a8b9d24,Solar Panel,LG Electronics,LG,LG375N2T-A4
9438,c17248cb-6794-4c69-b84b-ba3164150e58,Solar Panel,LG Electronics,LG,LG375N2W-B3
9439,926fd113-7fac-44fa-8982-d35e3952a2a3,Solar Panel,LG Electronics,LG,LG375N2K-G4
9440,268e6892-49eb-4e0f-926b-b4450b28e9cc,Solar Panel,LG Electronics,LG,LG375N2T-A5
9441,f559a43b-178a-4a56-82e9-d2d7011efd7c,Solar Panel,LG Electronics,LG,LG375Q1C-V5
9442,3c6d134e-830d-4bbd-82fd-4d831cdedd95,Solar Panel,LG Electronics,LG,LG375N2W-G4
9443,a83db05e-3a2c-4886-ad19-b39cdc905750,Solar Panel,LG Electronics,LG,LG375Q1K-A6
9444,2165f0dc-56f4-4750-9dd4-bdc5f5a9cd93,Solar Panel,LG Electronics,LG,LG380A1C-V5
9445,74b25822-cb87-4b54-ab1c-1e13589ce271,Solar Panel,LG Electronics,LG,LG380N1C-E6
9446,a4813391-6035-483f-96c1-2b08c0751b20,Solar Panel,LG Electronics,LG,LG380N1C-A6
9447,8b22aef4-a8a8-407f-9120-87499789de0e,Solar Panel,LG Electronics,LG,LG380M1C-A6
9448,b93816c5-c678-4e6e-8796-937e55338571,Solar Panel,LG Electronics,LG,LG380M1K-A6
9449,b5dc2492-3e73-4406-9f58-d9192a20d658,Solar Panel,LG Electronics,LG,LG380N1W-A6
9450,7f4e4623-4721-416d-99f9-b102c960fad6,Solar Panel,LG Electronics,LG,LG380N1K-E6
9451,516f7232-1bc8-4430-92d8-a7cbc42d8b16,Solar Panel,LG Electronics,LG,LG380N1W-E6
9452,124d7c5b-0a60-417d-8594-4e0ebe7765dc,Solar Panel,LG Electronics,LG,LG380N1K-A6
9453,091a87e8-7849-4fca-ad6d-aa0213934202,Solar Panel,LG Electronics,LG,LG380N2C-G4
9454,434ea496-768b-4810-93c8-bb5c314ceb35,Solar Panel,LG Electronics,LG,LG380N2C-A5
9455,75754e1e-6ac0-4549-940a-789b3faafef6,Solar Panel,LG Electronics,LG,LG380N2K-G4
9456,f5901e8c-f3d4-4e6c-872d-71fa94320655,Solar Panel,LG Electronics,LG,LG380N2K-A5
9457,5cfe47eb-0364-409f-a9c7-f5722f101aa3,Solar Panel,LG Electronics,LG,LG380N2W-G4
9458,91899bf0-da94-4436-b005-0f4773d22b7a,Solar Panel,LG Electronics,LG,LG380N2T-A5
9459,7562eee1-a91a-48f3-951e-bb7ee8a0b7f2,Solar Panel,LG Electronics,LG,LG380N2T-A4
9460,c57f5fdb-0435-4cbe-a889-dd7d602fc91a,Solar Panel,LG Electronics,LG,LG380N2W-A5
9461,f5f033b1-548a-4816-9e42-872cb3a52c6d,Solar Panel,LG Electronics,LG,LG380N2W-V5
9462,3c0adc27-2b5b-44fa-a016-b6397d40ba16,Solar Panel,LG Electronics,LG,LG385M1C-A6
9463,a91acff7-78ce-4ed3-ab90-9f413de1de6d,Solar Panel,LG Electronics,LG,LG380Q1C-V5
9464,729dbabf-d0ad-42c3-8260-21a2d3d3795c,Solar Panel,LG Electronics,LG,LG380Q1K-A6
9465,32f42d40-defa-4a60-920d-296c8cdefdb9,Solar Panel,LG Electronics,LG,LG385N1K-E6
9466,27dd530c-dc65-4f59-bfd3-21d0b2bd174e,Solar Panel,LG Electronics,LG,LG385N1C-E6
9467,7a46f306-1409-4f4d-b39e-5e16c287788e,Solar Panel,LG Electronics,LG,LG385N1W-A6
9468,8b348a6d-8450-47d2-8b28-7b4bd5937267,Solar Panel,LG Electronics,LG,LG385N1C-A6
9469,0eb7da17-cc66-4ae1-8f3e-40f7a10eaaf2,Solar Panel,LG Electronics,LG,LG385N1W-E6
9470,859216d9-c3bb-4a38-800a-53151a398342,Solar Panel,LG Electronics,LG,LG385N2C-A5
9471,73dbee01-9dd4-46b1-ac8e-499b772debb3,Solar Panel,LG Electronics,LG,LG385N2K-A5
9472,27090366-0981-4c2e-bbc5-a941be208514,Solar Panel,LG Electronics,LG,LG385N2C-G4
9473,62774f46-50ef-40a5-810f-d678bdaa0b94,Solar Panel,LG Electronics,LG,LG385N2W-G4
9474,f811cf6f-5281-4bef-8949-4d3e969a5807,Solar Panel,LG Electronics,LG,LG385N2W-A5
9475,12969219-564e-4758-97cc-42dd1d0b0ebe,Solar Panel,LG Electronics,LG,LG385N2T-J5
9476,014de2b2-e7e2-4403-8dd4-b99c58cd92e8,Solar Panel,LG Electronics,LG,LG385N2T-A5
9477,26680399-3db7-4c5e-b575-1e4341da2aa1,Solar Panel,LG Electronics,LG,LG385Q1K-A6
9478,1eeb7167-5efd-4cfa-b4c2-c9f7d8e23b70,Solar Panel,LG Electronics,LG,LG385N2W-V5
9479,065f7102-9ab3-4b97-9af5-3c5965420ba3,Solar Panel,LG Electronics,LG,LG390N1K-E6
9480,2698ef90-7006-4928-9d1f-eeea6d70328d,Solar Panel,LG Electronics,LG,LG390N1C-E6
9481,4838d253-28c2-47c3-9b2c-e30bfb2b0af9,Solar Panel,LG Electronics,LG,LG390N2C-A5
9482,c630f7ba-f0c9-40ae-b48d-6ff5b1e84a00,Solar Panel,LG Electronics,LG,LG390N2T-A5
9483,ec07b74f-8485-44ad-880d-6da6f761f82d,Solar Panel,LG Electronics,LG,LG390N1W-E6
9484,d40d5c79-3044-4323-928f-019d8ec8cfcb,Solar Panel,LG Electronics,LG,LG390N2K-A5
9485,72812c8b-fd68-49bb-ad5a-34cbde6631d2,Solar Panel,LG Electronics,LG,LG390N2W-L5
9486,a83ae44a-4dee-4bef-a7d9-83e40e1ff33c,Solar Panel,LG Electronics,LG,LG390N2T-J5
9487,2fd13984-4df1-4b67-855a-ae8bf950fae9,Solar Panel,LG Electronics,LG,LG390N2W-N5
9488,6be1a4af-016f-49ce-aa7a-eb605e929665,Solar Panel,LG Electronics,LG,LG390N2W-A5
9489,5cd97bc1-2030-4899-a5d0-b35f6bdb8c7b,Solar Panel,LG Electronics,LG,LG390N2W-V5
9490,860626d5-6695-45b2-a01a-65f852b62501,Solar Panel,LG Electronics,LG,LG390N3K-V6
9491,b1ac8711-e0b5-4f87-9d0d-454492021c5d,Solar Panel,LG Electronics,LG,LG390Q1K-A6
9492,277821bc-73f8-48a1-a66a-b9a94a417e64,Solar Panel,LG Electronics,LG,LG390Q1C-A6
9493,9ae95adf-a509-4af0-bfcd-260c4afad9cb,Solar Panel,LG Electronics,LG,LG395A1C-A6
9494,2a87c32c-d622-478d-b42a-06236690bcd7,Solar Panel,LG Electronics,LG,LG395N1C-E6
9495,1c02dcd9-4210-451f-be97-9569dcc7407c,Solar Panel,LG Electronics,LG,LG395N1W-E6
9496,4c1be81f-55cb-4683-a392-6b4dddbe7efb,Solar Panel,LG Electronics,LG,LG395N2C-A5
9497,51541f19-ba34-47bc-a733-91bafb102ff3,Solar Panel,LG Electronics,LG,LG395N2T-A5
9498,cc5d5b36-0234-47dd-a048-db783e935261,Solar Panel,LG Electronics,LG,LG395N2K-A5
9499,315113af-c5c8-404a-98a2-1978c6582bcf,Solar Panel,LG Electronics,LG,LG395N2W-A5
9500,5cccbb75-dce5-4378-8b88-839e1ee5ad0b,Solar Panel,LG Electronics,LG,LG395N2T-J5
9501,e1bc21bf-e92d-461f-8a25-9786bd1b674d,Solar Panel,LG Electronics,LG,LG395N2W-N5
9502,02e5541b-1a2b-4f95-bc27-de9e5a5b33bf,Solar Panel,LG Electronics,LG,LG395N3C-V6
9503,0039af21-0824-4871-973c-ecdff1af2777,Solar Panel,LG Electronics,LG,LG395N2W-L5
9504,c9915a2b-52fe-4ab9-a287-10bd611ea27d,Solar Panel,LG Electronics,LG,LG395N2W-V5
9505,365f93a0-937f-4aaa-b646-94e6e869d216,Solar Panel,LG Electronics,LG,LG395Q1C-A6
9506,751e3746-a308-4751-9d5c-a5cac442bddb,Solar Panel,LG Electronics,LG,LG400A1C-A6
9507,18b1d8b4-6b59-4aed-9024-cbe1ba668f25,Solar Panel,LG Electronics,LG,LG395N3K-V6
9508,f538f9fe-46c4-4e88-bb90-3efb468ff02d,Solar Panel,LG Electronics,LG,LG395N3W-V6
9509,a41e5b4e-395b-49bc-9e1a-29ef4bd2f736,Solar Panel,LG Electronics,LG,LG400N1W-E6
9510,59a97f8b-1ada-4d93-8a30-39a6b5fa3789,Solar Panel,LG Electronics,LG,LG400N2C-A5
9511,1fbfb758-6da1-460a-a7ff-2151225ad99f,Solar Panel,LG Electronics,LG,LG400N2K-A5
9512,d1169790-4fc7-445b-9914-651663d50bbe,Solar Panel,LG Electronics,LG,LG400N1C-E6
9513,329a782e-8838-47df-ad4b-dfb8d4a9387e,Solar Panel,LG Electronics,LG,LG400N2T-J5
9514,21034fc1-5aa6-4a42-bd48-90abe0e1738a,Solar Panel,LG Electronics,LG,LG400N2W-A5
9515,51c0dca3-a6e0-4553-800f-1a2407ef9c1c,Solar Panel,LG Electronics,LG,LG400N2T-L5
9516,6f65399f-bc57-40fe-8ecd-bc1165c55468,Solar Panel,LG Electronics,LG,LG400N2T-A5
9517,58787e65-fc94-4029-9368-6d098fa410bb,Solar Panel,LG Electronics,LG,LG400N3C-V6
9518,a9486e86-de59-483f-a8c2-640be7cd988d,Solar Panel,LG Electronics,LG,LG400N2W-N5
9519,e55fb0ed-d30f-4b02-9f64-c117a93808d2,Solar Panel,LG Electronics,LG,LG400N2W-V5
9520,f76d3df9-68fe-4ec5-991a-212b04af86cf,Solar Panel,LG Electronics,LG,LG400N2W-L5
9521,f4f7eebf-84c8-4c72-ac41-f77802a8c794,Solar Panel,LG Electronics,LG,LG400Q1C-A6
9522,be0e1ecb-fb66-4fe3-b51a-81dc03759740,Solar Panel,LG Electronics,LG,LG400N3W-V6
9523,7e6213ad-5705-4645-9718-231cfcf31034,Solar Panel,LG Electronics,LG,LG405A1C-A6
9524,0c6e7a3c-208b-4102-8e06-b3e44a8ed3f7,Solar Panel,LG Electronics,LG,LG400N3K-V6
9525,b1bb2d9b-6cd1-4850-a7b5-205ae8d6a560,Solar Panel,LG Electronics,LG,LG405N2T-J5
9526,5b717f8b-7712-482c-8bc4-8306855e5fd9,Solar Panel,LG Electronics,LG,LG405N2K-A5
9527,5ea5fedb-f44b-49ef-a0f1-7c233aaba814,Solar Panel,LG Electronics,LG,LG405N2C-A5
9528,36004e1a-7a23-4ba1-8234-8106f55537c1,Solar Panel,LG Electronics,LG,LG405N2T-L5
9529,d52d26bc-b45c-4a0f-ae71-e4419e143495,Solar Panel,LG Electronics,LG,LG405N2W-A5
9530,aca3f9f6-c4bf-4461-82b3-35a1bbd02e0b,Solar Panel,LG Electronics,LG,LG405N2W-V5
9531,231133c9-50cc-4638-bc28-b7de7cec00a1,Solar Panel,LG Electronics,LG,LG405N2W-L5
9532,cddd7823-14f1-408d-9cc8-4cc07280b7bd,Solar Panel,LG Electronics,LG,LG405N2W-N5
9533,40d307fd-132a-4376-b77d-0e5145dac65d,Solar Panel,LG Electronics,LG,LG405N3W-V6
9534,2eebab26-b380-4433-972e-5fa1f50e038d,Solar Panel,LG Electronics,LG,LG405N3C-V6
9535,b4111439-4c28-4eb7-8778-eb08891efb10,Solar Panel,LG Electronics,LG,LG405N3K-V6
9536,ae656983-5b99-4ddf-a3cc-b899da33c48d,Solar Panel,LG Electronics,LG,LG405Q1C-A6
9537,66c60258-e9bd-4fd3-b974-0e39ee02c559,Solar Panel,LG Electronics,LG,LG410N2W-A5
9538,19edf0d8-659c-4e46-a09c-7baab80d475d,Solar Panel,LG Electronics,LG,LG410N2C-A5
9539,88f825db-c710-4ba8-9f71-4ddd3a6f1f18,Solar Panel,LG Electronics,LG,LG410N2T-V5
9540,cf38585e-de7b-4cd2-a866-931d3a9f7205,Solar Panel,LG Electronics,LG,LG410N2T-L5
9541,00f4461b-2247-451f-95d8-75b10ac9ffe9,Solar Panel,LG Electronics,LG,LG410N2W-N5
9542,424e4166-3d16-4921-a17d-032bd18bf3a0,Solar Panel,LG Electronics,LG,LG410N2W-V5
9543,bd0683ad-22dd-4272-adae-ad551232940e,Solar Panel,LG Electronics,LG,LG410N3C-V6
9544,230bfc2f-e3af-405e-a79d-46ab24ca2cfb,Solar Panel,LG Electronics,LG,LG410N2W-L5
9545,82baedee-3703-4629-9180-4eef41e7082b,Solar Panel,LG Electronics,LG,LG410N3W-V6
9546,111996fc-7fcd-486e-8e31-c430c9e3a1b1,Solar Panel,LG Electronics,LG,LG410N3K-V6
9547,d301ceaa-b62e-4b28-b485-a0ce5555cc50,Solar Panel,LG Electronics,LG,LG415N2T-V5
9548,fc03be0d-f0af-41a4-af19-71b4dbcaf7bf,Solar Panel,LG Electronics,LG,LG415N2T-L5
9549,5130a3ea-913d-4daf-a028-82bbaf4db061,Solar Panel,LG Electronics,LG,LG415N2W-V5
9550,a875b3b4-cb6d-4506-9668-01d57c0ba27b,Solar Panel,LG Electronics,LG,LG415N3C-V6
9551,04f640da-6cb2-466a-8edb-8873aaf6d2ef,Solar Panel,LG Electronics,LG,LG415N2W-L5
9552,a3b57a2a-b2a1-4850-a455-2f90511c4425,Solar Panel,LG Electronics,LG,LG415N2W-N5
9553,25fa788c-2311-437a-84a8-56c1328da3b7,Solar Panel,LG Electronics,LG,LG420N2T-V5
9554,c2ae5d40-8405-450f-87f9-520101b2d730,Solar Panel,LG Electronics,LG,LG420N2T-E6
9555,167c96bd-d0f6-43b5-9296-a17b75212ab4,Solar Panel,LG Electronics,LG,LG415QAK-A6
9556,3a8bec8a-26a3-414c-b96d-b18e4c2687c7,Solar Panel,LG Electronics,LG,LG415N3W-V6
9557,2759ad71-f086-4666-b6bf-dd110b644965,Solar Panel,LG Electronics,LG,LG420N2W-L5
9558,655021b1-5c08-4155-b152-c7679348171e,Solar Panel,LG Electronics,LG,LG420N2W-N5
9559,55ff0979-c7a0-445c-91f1-97c561d3f826,Solar Panel,LG Electronics,LG,LG420N3C-V6
9560,cd1a5fdb-d66e-4b95-b637-ec1756e83a27,Solar Panel,LG Electronics,LG,LG420N2W-V5
9561,9d3a3167-e157-4d45-9444-42630725509e,Solar Panel,LG Electronics,LG,LG425N2T-E6
9562,c87ea84c-e17f-479a-a9c0-e7fc7cc0c014,Solar Panel,LG Electronics,LG,LG420N3W-V6
9563,8fb6125e-b92e-45e9-a939-87a353a16d5f,Solar Panel,LG Electronics,LG,LG420QAK-A6
9564,2ae6df6b-cba9-4622-a27e-1b279061af31,Solar Panel,LG Electronics,LG,LG425N2T-B5
9565,e9484979-6221-4759-9e21-6f6de1ad6732,Solar Panel,LG Electronics,LG,LG425N2T-V5
9566,2711f005-395a-41f4-920d-dd1d264bc916,Solar Panel,LG Electronics,LG,LG425N2W-N5
9567,f2de6b2a-5b34-4a73-ae10-553900f384d3,Solar Panel,LG Electronics,LG,LG425N2W-V5
9568,64c99eeb-f8d5-4260-a2de-30beee6558d6,Solar Panel,LG Electronics,LG,LG425N2W-L5
9569,b0f82ee8-5bae-4015-9089-50351a518394,Solar Panel,LG Electronics,LG,LG425QAK-A6
9570,754265b0-a8a1-4cac-8042-d516001db2d6,Solar Panel,LG Electronics,LG,LG430N2T-V5
9571,a06b86d3-f8fd-4541-8f3b-9515c16dba2a,Solar Panel,LG Electronics,LG,LG430N2T-E6
9572,e2bc4cd4-a2db-45bf-9943-2c8cbff90878,Solar Panel,LG Electronics,LG,LG430N2T-B5
9573,9d76a895-68eb-435d-956a-837fae5e2f1a,Solar Panel,LG Electronics,LG,LG430N2W-N5
9574,9d87069e-4c25-4cee-9396-a6cd61591f90,Solar Panel,LG Electronics,LG,LG430N2W-E6
9575,5abfdb2b-29be-410f-bebf-29101af07ad9,Solar Panel,LG Electronics,LG,LG430QAC-A6
9576,01c02d18-e514-4481-8a23-0dbb5f030f69,Solar Panel,LG Electronics,LG,LG430N2W-L5
9577,ac8edb63-d920-4ef1-9243-73e66551aada,Solar Panel,LG Electronics,LG,LG435N2T-E6
9578,8ced2b6a-a842-48f4-aadf-5cb4cf00aeb4,Solar Panel,LG Electronics,LG,LG430QAK-A6
9579,ebeabd24-d354-4604-8bb2-a932f1b79474,Solar Panel,LG Electronics,LG,LG435N2W-E6
9580,9ae64d21-b2b4-485a-a1d1-7623c0484d0b,Solar Panel,LG Electronics,LG,LG435N2T-B5
9581,47ec8677-f262-460a-a5bc-274f21204194,Solar Panel,LG Electronics,LG,LG435QAC-A6
9582,2eebf13d-babd-482f-9138-1121e15c084c,Solar Panel,LG Electronics,LG,LG440N2T-B5
9583,79ae5c31-5b0f-4fe0-8da8-2bd0ee5cfe1c,Solar Panel,LG Electronics,LG,LG440N2T-F6
9584,4c9c7c49-8c9a-4a5e-9089-209001e6eabc,Solar Panel,LG Electronics,LG,LG440N2T-E6
9585,b9236f28-dc67-4275-98a5-9ee88f5af913,Solar Panel,LG Electronics,LG,LG445N2T-E6
9586,9d73cb24-e712-449f-bd93-601d6ca9e5e7,Solar Panel,LG Electronics,LG,LG440N2W-E6
9587,067d2c21-20ca-48ba-94e9-6110227578ff,Solar Panel,LG Electronics,LG,LG445N2T-F6
9588,146403f2-65a2-4799-8358-e64c9ab95f22,Solar Panel,LG Electronics,LG,LG440QAC-A6
9589,5e05e48d-4156-41c0-bb40-4078719a5670,Solar Panel,LG Electronics,LG,LG445QAC-A6
9590,9fb7e1de-2446-4b42-90be-02a34bac6ee0,Solar Panel,LG Electronics,LG,LG450N2T-E6
9591,8a741ffb-bd00-49e3-b46a-d0315974dcb3,Solar Panel,LG Electronics,LG,LG450N2T-F6
9592,47d315da-bd4b-453b-8ddb-5cb32303ad50,Solar Panel,LG Electronics,LG,LG445N2W-E6
9593,0bcc2c62-e71d-47e6-b3d5-92fe6233e192,Solar Panel,LG Electronics,LG,LG455N2W-E6
9594,a7c9bab1-c24f-4f14-a97d-300c14a41108,Solar Panel,LG Electronics,LG,LG465N2W-E6
9595,2004d38a-a9d2-47a8-a678-e6233285f23e,Solar Panel,LG Electronics,LG,LG450N2W-E6
9596,3be916a6-f32b-4606-ac9a-70ade9c3d14d,Solar Panel,LG Electronics,LG,LG460N2W-E6
9597,defdfe28-3381-4d20-8f8a-e54097ef3f4c,Solar Panel,LG Electronics,LG,LG475N2W-E6
9598,cc4513bb-5cff-47a8-a5e7-bc3572f1fa0b,Solar Panel,LG Electronics,LG,LG480N2W-E6
9600,5779d2cc-0ac5-4116-92ef-f031b588bbc4,Solar Panel,LG Electronics,LG,LG470N2W-E6
13029,b73d2929-2364-48f1-be02-71b0d2a486e3,Solar Panel,Silfab,SILFAB SOLAR,SIL285ML
13030,d6e922c9-0c72-4cce-b802-ee4e166399e0,Solar Panel,Silfab,SILFAB SOLAR,SIL285ML-W
13031,94dc460a-8466-4fde-83a9-38a64001670f,Solar Panel,Silfab,SILFAB SOLAR,SIL285NL-W
13032,74eda338-c607-4399-a155-345d59e68579,Solar Panel,Silfab,SILFAB SOLAR,SIL285NL
13033,5f510ab6-63d4-425d-a477-ee24d2144a33,Solar Panel,Silfab,SILFAB SOLAR,SIL290ML
13034,6f9009af-7a1c-48bd-b0c0-a66ad0715fa7,Solar Panel,Silfab,SILFAB SOLAR,SIL290BL
13035,2c2708b3-50d8-4731-aab0-466a6dac4cb0,Solar Panel,Silfab,SILFAB SOLAR,SIL290ML-W
13036,7f1dcab1-47a3-48a1-946c-f7c047bea0b3,Solar Panel,Silfab,SILFAB SOLAR,SIL290BL-W
13037,1fa8b58d-8328-4348-af29-0919b946f434,Solar Panel,Silfab,SILFAB SOLAR,SIL295BL-W
13038,2a95e4ec-7404-45d6-ab56-8deca156295f,Solar Panel,Silfab,SILFAB SOLAR,SIL290NL
13039,2818d5f1-8f88-4186-a970-9fb52dddc16b,Solar Panel,Silfab,SILFAB SOLAR,SIL295BL
13040,a03853a9-fba6-41db-b195-8fa9b9a09169,Solar Panel,Silfab,SILFAB SOLAR,SIL290NL-W
13041,5f7c3c27-13e3-4e46-a234-1b797cb9bad9,Solar Panel,Silfab,SILFAB SOLAR,SIL295ML
13042,5ee602e6-dc09-4326-abf3-00f7164226db,Solar Panel,Silfab,SILFAB SOLAR,SIL295ML-W
13043,2e84049b-8ad8-4bfc-b089-2bd73dda42f4,Solar Panel,Silfab,SILFAB SOLAR,SIL295NL
13044,77dbf6ba-3c16-44c5-a1cd-06575b51d353,Solar Panel,Silfab,SILFAB SOLAR,SIL295NL-W
13045,a72b5dc1-c770-422e-a308-a2738ce922e8,Solar Panel,Silfab,SILFAB SOLAR,SIL300ML-W
13046,9bbbff99-d8be-48b4-917b-075d1969d8c3,Solar Panel,Silfab,SILFAB SOLAR,SIL300BL
13047,84edea70-8b76-4db0-99dd-e7f7fcf5ce5f,Solar Panel,Silfab,SILFAB SOLAR,SIL300BL-W
13048,eefc8b59-60c8-4191-9bf9-caac09f127ca,Solar Panel,Silfab,SILFAB SOLAR,SIL300ML
13049,4d1a0814-3504-414b-8c5c-925106ef30c6,Solar Panel,Silfab,SILFAB SOLAR,SIL300NL
13050,e7667925-8eba-4869-b811-f7068a7e2be0,Solar Panel,Silfab,SILFAB SOLAR,SIL305BL
13051,c3b250a0-b896-4e87-a027-73efbe228fe1,Solar Panel,Silfab,SILFAB SOLAR,SIL305BL-W
13052,abfc2d6e-602d-4a8f-b384-44a4929f981a,Solar Panel,Silfab,SILFAB SOLAR,SIL300NL-W
13053,90aa2b55-9810-455e-a21a-4dcaec12c0e4,Solar Panel,Silfab,SILFAB SOLAR,SIL305ML-W
13054,06dae6b1-bc65-4682-96d9-cc5bf7fbf497,Solar Panel,Silfab,SILFAB SOLAR,SIL305NL-W
13055,55e1c277-c166-4fd1-b9b9-1cc658d8e4ba,Solar Panel,Silfab,SILFAB SOLAR,SIL305ML
13056,9ea18559-fc8f-4062-9b8e-590e705f008e,Solar Panel,Silfab,SILFAB SOLAR,SIL305NL
13057,8af8e15f-2f00-4399-b76c-09f4388258f5,Solar Panel,Silfab,SILFAB SOLAR,SIL-310HL
13058,07b3482f-8d00-4403-8b63-02f98fb17dec,Solar Panel,Silfab,SILFAB SOLAR,SIL305XL
13059,857d6ed7-3e44-485f-8cda-77de9cb78e47,Solar Panel,Silfab,SILFAB SOLAR,SIL-310BL
13060,da080ae7-1f50-4380-927e-bbe9ea2ba931,Solar Panel,Silfab,SILFAB SOLAR,SIL310BL-W
13061,53271c85-769a-49ba-ba70-b241405285dc,Solar Panel,Silfab,SILFAB SOLAR,SIL310ML-W
13062,80c07db4-8d87-49ec-9d6d-0a50abcf7997,Solar Panel,Silfab,SILFAB SOLAR,SIL310ML
13063,c1e9afb9-b087-4889-9ec7-7b0bc4ce708b,Solar Panel,Silfab,SILFAB SOLAR,SIL-310NL
13064,96f00211-2392-4d26-a538-3329851ff285,Solar Panel,Silfab,SILFAB SOLAR,SIL310NL-W
13065,436e3d1a-1fe1-4ec9-b2f6-c684c364fc1c,Solar Panel,Silfab,SILFAB SOLAR,SIL-315BL
13066,b0301088-dfef-47b7-813e-e78e6542aa11,Solar Panel,Silfab,SILFAB SOLAR,SIL-315HL
13067,c54c6f6d-ec96-4f14-b037-02d8f016aa59,Solar Panel,Silfab,SILFAB SOLAR,SIL315BL-W
13068,e4ac0f4f-4f3c-4855-9c67-16aade58a732,Solar Panel,Silfab,SILFAB SOLAR,SIL315ML
13069,0c2a52d8-9b54-41fa-8bfa-56b7fa16194a,Solar Panel,Silfab,SILFAB SOLAR,SIL315NL-W
13070,d2a8cef5-ccf7-4a1e-9437-b65ff6047e90,Solar Panel,Silfab,SILFAB SOLAR,SIL315ML-W
13071,77683356-666a-41bc-9bdf-6e987e894261,Solar Panel,Silfab,SILFAB SOLAR,SIL-315NL
13072,9384fbf4-e9cc-45d2-89aa-b556cb0723b6,Solar Panel,Silfab,SILFAB SOLAR,SIL-320BL
13073,a7021090-ce13-4954-b1db-81094f9432ec,Solar Panel,Silfab,SILFAB SOLAR,SIL320BL-W
13074,f802b48e-eabb-4ae7-806b-b952f68632b6,Solar Panel,Silfab,SILFAB SOLAR,SIL320ML
13075,f1791ed9-dc95-405b-b027-97c2779e9d3e,Solar Panel,Silfab,SILFAB SOLAR,SIL-320HL
13076,5c8d34ae-5492-4f6d-b43b-843217c00f5e,Solar Panel,Silfab,SILFAB SOLAR,SIL320ML-W
13077,b1e840df-0617-40c3-b3ec-c873a87381d1,Solar Panel,Silfab,SILFAB SOLAR,SIL-320NL
13078,137edb24-edcf-4cd1-bf0e-60cc9f5434c5,Solar Panel,Silfab,SILFAB SOLAR,SIL325BL-W
13079,e2077161-1f2d-4b96-bf9d-15cea9bd07e8,Solar Panel,Silfab,SILFAB SOLAR,SIL320NL-W
13080,1700e6de-47e2-4ed0-ad65-8096b2db2505,Solar Panel,Silfab,SILFAB SOLAR,SIL-325BL
13081,4b4bca09-dad9-4c4f-be68-f839b3495055,Solar Panel,Silfab,SILFAB SOLAR,SIL-325NL
13082,bb635ff6-80bc-4ee0-9f53-dedd9d164c85,Solar Panel,Silfab,SILFAB SOLAR,SIL-330BL
13083,1d9aa55f-1ae9-47e7-aa11-0a82302be326,Solar Panel,Silfab,SILFAB SOLAR,SIL330BL-W
13084,61414ab3-d8fb-493c-b43f-249f527d21a8,Solar Panel,Silfab,SILFAB SOLAR,SIL-325HL
13085,97c6d1dc-8f5c-40e3-a8f3-edf388bd9b22,Solar Panel,Silfab,SILFAB SOLAR,SIL-330HL
13086,fd54d9ae-0d1d-4574-8bc9-1608416356ee,Solar Panel,Silfab,SILFAB SOLAR,SIL-335HL
13087,97416c11-f79a-4e7a-864f-f7db72ab2b00,Solar Panel,Silfab,SILFAB SOLAR,SIL-335BL
13088,10a1648f-2b49-4271-9cb8-8c1e5918b31d,Solar Panel,Silfab,SILFAB SOLAR,SIL-330NL
13089,c18c79f4-e94b-40ca-8475-11b0fd41f63d,Solar Panel,Silfab,SILFAB SOLAR,SIL-340BL
13090,acf5d775-4c0f-44f2-ba7f-7253763c0d4c,Solar Panel,Silfab,SILFAB SOLAR,SIL340MT
13091,f7dffa01-09c4-408c-87cc-1be42a2ea5d7,Solar Panel,Silfab,SILFAB SOLAR,SIL-340HL
13092,d5924d3b-34c9-4afe-8488-a7cad546ce95,Solar Panel,Silfab,SILFAB SOLAR,SIL-335NL
13093,7a75ef99-785f-438c-9b06-5b9642700ff0,Solar Panel,Silfab,SILFAB SOLAR,SIL340MT-W
13094,65a923a0-135a-42ce-8e47-b7a247a5fd7f,Solar Panel,Silfab,SILFAB SOLAR,SIL-340NL
13095,a08ef58c-2af1-4f30-ba1b-3ea2d83c3ac8,Solar Panel,Silfab,SILFAB SOLAR,SIL340NT
13096,ab2584ce-9f20-43d3-b443-2e1f5fa090d1,Solar Panel,Silfab,SILFAB SOLAR,SIL340NT-W
13097,a233018c-ae42-4a3f-97e8-12f5e59da505,Solar Panel,Silfab,SILFAB SOLAR,SIL345MT-W
13098,d8138e25-fedf-4500-945a-9fc693a003af,Solar Panel,Silfab,SILFAB SOLAR,SIL-345HL
13099,304abd8a-6df4-4a36-bbc7-a982365be104,Solar Panel,Silfab,SILFAB SOLAR,SIL345MT
13100,13f52980-7534-45fa-89fc-bd26eef7a434,Solar Panel,Silfab,SILFAB SOLAR,SIL-345BL
13101,8f72f548-2651-409a-8d9d-a6064837dfa1,Solar Panel,Silfab,SILFAB SOLAR,SIL-345NL
13102,0720aa9b-64af-4e8b-b779-efec8bceacee,Solar Panel,Silfab,SILFAB SOLAR,SIL345NT-W
13103,54e61754-b2ec-4191-a785-1c156790c133,Solar Panel,Silfab,SILFAB SOLAR,SIL345NT
13104,f2de51d2-3f84-4d60-befa-6b8815463b7a,Solar Panel,Silfab,SILFAB SOLAR,SIL350MT
13105,316ed28a-43f2-4d8d-8d6b-5fbbf6580bd6,Solar Panel,Silfab,SILFAB SOLAR,SIL350NT-W
13106,4b070c62-bc5b-4f20-a9aa-e69fe14e8bce,Solar Panel,Silfab,SILFAB SOLAR,SIL-350NX
13107,f8f7822a-e9d6-4a42-b95f-112d89a5da19,Solar Panel,Silfab,SILFAB SOLAR,SIL350NT
13108,7dcea046-71a8-4be7-ae02-7b147e1f27d7,Solar Panel,Silfab,SILFAB SOLAR,SIL350MT-W
13109,df5b9ede-f7f8-4608-bdc1-949f82aa11cf,Solar Panel,Silfab,SILFAB SOLAR,SIL355NT-W
13110,510bd9ae-d03f-4373-9ff1-cc48d87778e1,Solar Panel,Silfab,SILFAB SOLAR,SIL355MT-W
13111,37bf7f48-f777-4f6e-9dbc-ceb736cdfb44,Solar Panel,Silfab,SILFAB SOLAR,SIL355MT
13112,6547215c-3a70-40cc-91d7-fb8586e9df27,Solar Panel,Silfab,SILFAB SOLAR,SIL355NT
13113,505285f2-c308-4be7-a2d3-53fd6e88e7f1,Solar Panel,Silfab,SILFAB SOLAR,SIL-360BK
13114,3e1617da-566d-43b6-8d80-c779b65c0ffd,Solar Panel,Silfab,SILFAB SOLAR,SIL-355NX
13115,258b41ec-e5f4-407c-b0a1-26d1d0892815,Solar Panel,Silfab,SILFAB SOLAR,SIL360MT
13116,74eb6855-b412-4215-9c9e-0bc4fa1b7773,Solar Panel,Silfab,SILFAB SOLAR,SIL-360HC
13117,df573da7-b84c-4589-bd06-9853481fae89,Solar Panel,Silfab,SILFAB SOLAR,SIL360NT-W
13118,41d49ece-148c-4798-ab84-74e634173a97,Solar Panel,Silfab,SILFAB SOLAR,SIL360NT
13119,73ec303d-b3d7-42e7-9f7f-09d8543e2fe7,Solar Panel,Silfab,SILFAB SOLAR,SIL360MT-W
13120,860ae9aa-da03-48d7-b3e1-5f9f87dd5f68,Solar Panel,Silfab,SILFAB SOLAR,SIL-360NX
13121,6bc750f1-ed92-4b17-96f8-28e707395664,Solar Panel,Silfab,SILFAB SOLAR,SIL-365HC
13122,4ac9976d-b2aa-4796-b8b6-9ce7eadc50b0,Solar Panel,Silfab,SILFAB SOLAR,SIL365MT
13123,2941f980-2bb4-4825-8c15-7b2c7db5b4fd,Solar Panel,Silfab,SILFAB SOLAR,SIL-365BK
13124,01837c3a-498d-4a3f-9f41-d647ba791a55,Solar Panel,Silfab,SILFAB SOLAR,SIL365MT-W
13125,a65df9e8-0d7a-4bc4-85f6-02f67d1d44bb,Solar Panel,Silfab,SILFAB SOLAR,SIL-365NX
13126,06c1892e-32ce-4645-9c1b-ebb0a1918268,Solar Panel,Silfab,SILFAB SOLAR,SIL365NT-W
13127,04b7b326-577d-40f1-8ca2-08b120c90c1b,Solar Panel,Silfab,SILFAB SOLAR,SIL-370BK
13128,760735b0-83d1-4a38-993e-6e173b0fe062,Solar Panel,Silfab,SILFAB SOLAR,SIL365NT
13129,075ff6c7-3acf-47c5-8422-7bace9c250ef,Solar Panel,Silfab,SILFAB SOLAR,SIL370MT
13130,1a2ea5d7-643f-4874-bcb3-1aba8848eac9,Solar Panel,Silfab,SILFAB SOLAR,SIL370MT-W
13131,47fbe98a-6899-4243-a7cb-b604b9797ccc,Solar Panel,Silfab,SILFAB SOLAR,SIL-370HC
13132,bf821fca-33c9-47c4-90f7-b8ccefb4250d,Solar Panel,Silfab,SILFAB SOLAR,SIL370NT
13133,60f2ee12-9958-439f-b3df-c9198ea188d9,Solar Panel,Silfab,SILFAB SOLAR,SIL375MT
13134,cd4cd246-41fd-4141-8c47-399217f24236,Solar Panel,Silfab,SILFAB SOLAR,SIL-370NX
13135,9bca21c8-0087-47dc-8768-89bc492b1b19,Solar Panel,Silfab,SILFAB SOLAR,SIL-375HC
13136,c6c50d1b-ead7-48df-ae6f-5cba24659988,Solar Panel,Silfab,SILFAB SOLAR,SIL-375BK
13137,d0478e2d-6957-40a4-af3c-e634c3c8dc3d,Solar Panel,Silfab,SILFAB SOLAR,SIL375MT-W
13138,015a433b-b2b6-4958-9dc0-44c77727bb52,Solar Panel,Silfab,SILFAB SOLAR,SIL375NT-W
13139,2f0bf623-d07c-42fa-800e-e55a2d88dbbe,Solar Panel,Silfab,SILFAB SOLAR,SIL375NT
13140,44eca060-24e0-41f3-9a9e-772ef1a8adf1,Solar Panel,Silfab,SILFAB SOLAR,SIL-375NU
13141,f5bc6ced-9140-4090-9efb-e030870d5d11,Solar Panel,Silfab,SILFAB SOLAR,SIL-380BK
13142,69d050e1-1d97-4fb9-ba6e-de4b6dd220de,Solar Panel,Silfab,SILFAB SOLAR,SIL-375NX
13143,719d8a64-e87d-438d-ae8a-902c462e0b6f,Solar Panel,Silfab,SILFAB SOLAR,SIL-380HC
13144,ed065eef-2e64-4393-b0c0-7c7768af2ce5,Solar Panel,Silfab,SILFAB SOLAR,SIL-380HC+
13145,13480864-5ab8-49a5-a85b-6fd055722dc2,Solar Panel,Silfab,SILFAB SOLAR,SIL-380NT
13146,420573bf-676d-4352-ad7e-194a404601eb,Solar Panel,Silfab,SILFAB SOLAR,SIL380MT-W
13147,7840071b-35fa-4101-bf4d-ba825fde9373,Solar Panel,Silfab,SILFAB SOLAR,SIL380MT
13148,d25fd5fd-fb5a-486b-bb54-1c9cdd7007ec,Solar Panel,Silfab,SILFAB SOLAR,SIL380NT-W
13149,844668fe-18ab-4921-837e-d6b562a70c57,Solar Panel,Silfab,SILFAB SOLAR,SIL-380NU
13150,fb0dc148-0917-46eb-a17b-446caca08a13,Solar Panel,Silfab,SILFAB SOLAR,SIL-385HC
13151,062218e9-c472-4c65-b5bd-2d3165b0317a,Solar Panel,Silfab,SILFAB SOLAR,SIL-380NX
13152,57a3c8f5-4e13-4dec-8a8b-179be28fd4bf,Solar Panel,Silfab,SILFAB SOLAR,SIL-385HC+
13153,54ab36a8-0263-4385-b0ba-c1c9df74cde4,Solar Panel,Silfab,SILFAB SOLAR,SIL-385NU
13154,5102e4b5-ed04-45df-a37c-5b9162103522,Solar Panel,Silfab,SILFAB SOLAR,SIL-385NT
13155,4d37a9d1-a2f9-4bdc-9559-665887fc739d,Solar Panel,Silfab,SILFAB SOLAR,SIL-390BG
13156,2dca01b7-1503-4ce9-a934-9cb7b993efa3,Solar Panel,Silfab,SILFAB SOLAR,SIL-385HU
13157,2ba28cff-06d1-4ea6-b176-f1f82921d212,Solar Panel,Silfab,SILFAB SOLAR,SIL-390HC+
13158,e084dd6f-fb04-47f8-839f-f92553ca7cd9,Solar Panel,Silfab,SILFAB SOLAR,SIL-390NU
13159,2564871f-15f6-450a-8ed1-d96c67375090,Solar Panel,Silfab,SILFAB SOLAR,SIL-390NT
13160,e24485c8-23c6-4417-8957-0932e5e07b79,Solar Panel,Silfab,SILFAB SOLAR,SIL-390HU
13161,6d842006-6ff7-4a08-b59f-ce76cba5ddc8,Solar Panel,Silfab,SILFAB SOLAR,SIL-395NT
13162,21d71451-8ef4-4685-8628-5fa5e27dc620,Solar Panel,Silfab,SILFAB SOLAR,SIL-395BG
13163,764b6a0a-e203-4848-aa1b-6408443c091a,Solar Panel,Silfab,SILFAB SOLAR,SIL-395HC+
13164,fea54784-7191-49fb-9efc-b6422a546484,Solar Panel,Silfab,SILFAB SOLAR,SIL-395HU
13165,ab1646a0-0475-4b65-b5f4-1c3a256329ed,Solar Panel,Silfab,SILFAB SOLAR,SIL-395NU
13166,6b57bcbd-6bf7-4959-a71f-80337a819626,Solar Panel,Silfab,SILFAB SOLAR,SIL-400BG
13167,ae5f7e29-2084-468e-bb94-bbca17fa8524,Solar Panel,Silfab,SILFAB SOLAR,SIL-400HU
13168,6d960816-464f-466a-a1c3-ac0a876915a6,Solar Panel,Silfab,SILFAB SOLAR,SIL-400HC+
13169,2dbe306b-75a8-4e9b-ba41-b43f67d0e471,Solar Panel,Silfab,SILFAB SOLAR,SIL-405BG
13170,7073218b-c98e-4e8c-bda7-f8bd00f144e8,Solar Panel,Silfab,SILFAB SOLAR,SIL-400NU
13171,89c75a75-3732-4853-9bba-03331aa29891,Solar Panel,Silfab,SILFAB SOLAR,SIL-405HC+
13172,b6e11ac3-6613-4ff8-9ca8-6995e76ec37e,Solar Panel,Silfab,SILFAB SOLAR,SIL-400NT
13173,54f6ba49-4546-480c-83c9-6a432181905a,Solar Panel,Silfab,SILFAB SOLAR,SIL-405NU
13174,e71c9f30-17ca-4cdb-9099-09e6003fdc4f,Solar Panel,Silfab,SILFAB SOLAR,SIL-410BG
13175,4d19a4b5-c472-4ba0-b560-5c7e66b20681,Solar Panel,Silfab,SILFAB SOLAR,SIL-405HU
13176,2c24f9dd-1c9c-4a28-b6ce-d8b9155106d9,Solar Panel,Silfab,SILFAB SOLAR,SIL-405NT
13177,e2820ef0-0b5e-4a2c-a36b-69e2c91f2200,Solar Panel,Silfab,SILFAB SOLAR,SIL-410HU
13178,46a11d83-00ba-4816-9c62-8e517dedbea4,Solar Panel,Silfab,SILFAB SOLAR,SIL-410NT
13179,1edffab4-62a8-47fc-9adb-ee8fc72fb357,Solar Panel,Silfab,SILFAB SOLAR,SIL-410NU
13180,9afc42e8-8518-46a9-833e-3f2badd37b31,Solar Panel,Silfab,SILFAB SOLAR,SIL-410HC+
13181,9f1df87d-d439-4a9d-bded-f7c6b202219f,Solar Panel,Silfab,SILFAB SOLAR,SIL-415BG
13182,c344ff0e-ce39-4b82-b18a-ddaf86ca2d98,Solar Panel,Silfab,SILFAB SOLAR,SIL-415NT
13183,83a7bb45-04a8-4eba-9fc2-46c1d3cdbd23,Solar Panel,Silfab,SILFAB SOLAR,SIL-415HU
13184,434ac29c-e970-474f-97c9-70ace9a45254,Solar Panel,Silfab,SILFAB SOLAR,SIL-415HC+
13185,260901b9-cb4f-4e5e-addf-c2918d83f5d7,Solar Panel,Silfab,SILFAB SOLAR,SIL-420HU
13186,70f446b4-7607-4d1f-84de-27b75703f2c6,Solar Panel,Silfab,SILFAB SOLAR,SIL-415NU
13187,0d145f16-2742-4853-a43f-4b6150dfcd7b,Solar Panel,Silfab,SILFAB SOLAR,SIL-420BG
13188,e265eddf-3af5-4b03-bcf1-a076c2d34d83,Solar Panel,Silfab,SILFAB SOLAR,SIL-420HC+
13189,b3e2da5a-861e-4f4a-9d82-73712c9849cd,Solar Panel,Silfab,SILFAB SOLAR,SIL-420NU
13190,17ab7d44-752c-4616-9a34-2573f4878e91,Solar Panel,Silfab,SILFAB SOLAR,SIL-420NT
13191,dc17f3a9-db9c-4d9b-9d22-687bd5064c74,Solar Panel,Silfab,SILFAB SOLAR,SIL-430HU
13192,3d44bc60-2f96-4a58-b3d4-609f718eb87d,Solar Panel,Silfab,SILFAB SOLAR,SIL-425HU
13193,bf466de6-3718-43c7-b71e-69fda83f7577,Solar Panel,Silfab,SILFAB SOLAR,SIL-475HN
13194,d39f1c82-fb55-491a-8212-89cb39079c73,Solar Panel,Silfab,SILFAB SOLAR,SIL-460HN
13195,d70899b2-5b6a-4b93-8ad2-4a08eafa5600,Solar Panel,Silfab,SILFAB SOLAR,SIL-465HN
13196,a3cd01f8-35b3-446e-ac21-a81ce99de31e,Solar Panel,Silfab,SILFAB SOLAR,SIL-470HN
13197,0f24083e-2b46-4aee-93cd-87a0f26be9d2,Solar Panel,Silfab,SILFAB SOLAR,SIL-485HN
13198,92fac89b-8956-40c7-9a55-c024cc21c664,Solar Panel,Silfab,SILFAB SOLAR,SIL-480HN
13199,868f1480-192e-4fef-910b-cd27c795d585,Solar Panel,Silfab,SILFAB SOLAR,SIL-490HN
13200,569f3db9-7241-45e3-8d54-d511651442f0,Solar Panel,Silfab,SILFAB SOLAR,SIL-495HN
13201,67402847-9e23-49ad-b9ea-8dd8eeced25e,Solar Panel,Silfab,SILFAB SOLAR,SLA240P
13202,8624c9ad-7744-475b-a316-7835b3a33b0d,Solar Panel,Silfab,SILFAB SOLAR,SIL-500HN
13203,8beb5bd6-08c3-4a49-9dbc-51e67b50dc32,Solar Panel,Silfab,SILFAB SOLAR,SLA245P
13204,1a43e9af-7264-4753-9494-2be923a26588,Solar Panel,Silfab,SILFAB SOLAR,SIL-505HN
13205,fc5dd08d-20db-42d6-a3b9-656e686b664a,Solar Panel,Silfab,SILFAB SOLAR,SLA255P
13206,457b902b-b26a-4f12-b323-3c2d1a55a1d8,Solar Panel,Silfab,SILFAB SOLAR,SLA260P
13207,7612b144-48b5-4045-8798-254be0307b36,Solar Panel,Silfab,SILFAB SOLAR,SLA260M
13208,2f9971b9-ed75-4acd-93d9-62efd7766198,Solar Panel,Silfab,SILFAB SOLAR,SLA250P
13209,5a8bc35b-b6e3-4e3e-9960-9b43c8770c38,Solar Panel,Silfab,SILFAB SOLAR,SLA265P
13210,5815b461-e0cc-4e94-81ea-586b7cff6472,Solar Panel,Silfab,SILFAB SOLAR,SLA270M
13211,99bac1e3-3bb6-44b0-98b4-64b424bd480e,Solar Panel,Silfab,SILFAB SOLAR,SLA275M
13212,8111cd1f-4e01-4361-bf20-f722033f8673,Solar Panel,Silfab,SILFAB SOLAR,SLA265M
13213,5929beea-905d-404a-90c0-41d0e594db3d,Solar Panel,Silfab,SILFAB SOLAR,SLA295M
13214,d21dc560-2c8a-445d-98fe-4f6365b48bff,Solar Panel,Silfab,SILFAB SOLAR,SLA280M
13215,902eec82-ebb8-4d53-aa56-b1bba1909b1e,Solar Panel,Silfab,SILFAB SOLAR,SLA285M
13216,01799e3b-bc4b-4588-bc34-5dfb7a2ddde7,Solar Panel,Silfab,SILFAB SOLAR,SLA290M
13217,728cb97b-446e-4870-8555-15b0bacc76e5,Solar Panel,Silfab,SILFAB SOLAR,SLG290P
13218,acec84a1-c328-4880-bc97-d0ae38793843,Solar Panel,Silfab,SILFAB SOLAR,SLG300P
13219,7bcbf9f0-5de5-43f5-b82f-649d6c5af13e,Solar Panel,Silfab,SILFAB SOLAR,SLG295P
13220,9071b409-83b8-4f3c-b8e6-3dabc35972bd,Solar Panel,Silfab,SILFAB SOLAR,SLA300M
13221,fd6e7e31-768e-418f-b88f-996fee2f8af6,Solar Panel,Silfab,SILFAB SOLAR,SLG310P
13222,8d79690b-f06f-4fcc-a5c2-2ac25bbec3d1,Solar Panel,Silfab,SILFAB SOLAR,SLG305P
13223,cea8b57e-7c4a-462a-bd93-bc0c3c849441,Solar Panel,Silfab,SILFAB SOLAR,SLG315P
13224,1a13b5e2-9a6b-44ca-88d1-a22b7eaa4391,Solar Panel,Silfab,SILFAB SOLAR,SLG315M
13225,eb2e6b55-182d-4d5e-8521-953c3b3e7438,Solar Panel,Silfab,SILFAB SOLAR,SLG325M
13226,595d7b5e-8134-4c66-b44b-6ddfd7b0f41c,Solar Panel,Silfab,SILFAB SOLAR,SLG320P
13227,fede7f41-fa5b-4f6d-99d3-83e59ddbe227,Solar Panel,Silfab,SILFAB SOLAR,SLG320M
13228,12c0ffeb-ab1c-4823-9ce0-84d9b286411d,Solar Panel,Silfab,SILFAB SOLAR,SLG330M
13229,96d69525-4eaf-4884-b671-58d69da373e8,Solar Panel,Silfab,SILFAB SOLAR,SLG345M
13230,37884c18-3cb7-4271-9cf6-7abb82592784,Solar Panel,Silfab,SILFAB SOLAR,SLG350M
13231,45b485d0-6d3c-4642-ab27-be9ddf6d8e31,Solar Panel,Silfab,SILFAB SOLAR,SLG335M
13232,9144c24a-24d3-47bf-a77f-f4eba834c02b,Solar Panel,Silfab,SILFAB SOLAR,SLG360M
13233,0933c7f5-0fdc-4b48-aeef-025278ec6e51,Solar Panel,Silfab,SILFAB SOLAR,SLGX 335 Clear
13234,8fe127eb-fba4-4f22-b4d5-3d071e75ba3e,Solar Panel,Silfab,SILFAB SOLAR,SLGX 340 Clear
13235,05cdc98d-0fdd-478b-9a70-99cfc52dff2a,Solar Panel,Silfab,SILFAB SOLAR,SLG370M
13236,5ed3f913-8be5-4815-bbab-4149b45d34e7,Solar Panel,Silfab,SILFAB SOLAR,SLG365M
13237,83b9d8ed-cd2c-4889-af76-75d5a6152937,Solar Panel,Silfab,SILFAB SOLAR,SLGX 345 Clear
13238,9b6e19e7-cee3-4f19-9a75-6529de9e2371,Solar Panel,Silfab,SILFAB SOLAR,SLGX 345 White
13239,b5e541a9-b8b8-4419-9921-25a64e528740,Solar Panel,Silfab,SILFAB SOLAR,SLGX 340 White
13240,ef29d440-d21a-4214-adf6-854d88251be3,Solar Panel,Silfab,SILFAB SOLAR,SLGX 350 White
13241,bedacfcf-cb0f-44fc-9906-2beeebfca48c,Solar Panel,Silfab,SILFAB SOLAR,SSA250P
13242,7c4c972f-1cda-4de0-a3b2-6ec9ab2264af,Solar Panel,Silfab,SILFAB SOLAR,SSA245P
13243,5df9e0f5-922e-41dc-bdb1-8b5c4a0effb4,Solar Panel,Silfab,SILFAB SOLAR,SSA260M
13244,5dce96db-a577-4d53-ac8c-3ef67f30cac3,Solar Panel,Silfab,SILFAB SOLAR,SSA255P
13245,80b67c03-5143-430f-a4a8-6ca97e7cbef3,Solar Panel,Silfab,SILFAB SOLAR,SSA260P
13246,ee1e0551-b5f4-4ab8-9c87-66bb1db5ce24,Solar Panel,Silfab,SILFAB SOLAR,SSA265M
13247,dc7c8d43-a36c-42e3-84b9-9c5eaad07dda,Solar Panel,Silfab,SILFAB SOLAR,SSA265P
13248,1b362326-0b78-4134-bf9e-06f192215b0c,Solar Panel,Silfab,SILFAB SOLAR,SSA270M
13249,7b741bb4-7ff3-459b-9f55-68cb96caafd8,Solar Panel,Silfab,SILFAB SOLAR,SSA285M
13250,4cac4817-616b-48c8-a446-11e77f0a437c,Solar Panel,Silfab,SILFAB SOLAR,SSA280M
13251,718b0a3d-e4b6-44be-9bea-6f7f583c9262,Solar Panel,Silfab,SILFAB SOLAR,SSA290M
13252,d64e60eb-c3e3-4f63-9635-73efdf203fcf,Solar Panel,Silfab,SILFAB SOLAR,SSA275M
13253,2aa6cba2-a431-4d4b-8f59-33b6bcc40697,Solar Panel,Silfab,SILFAB SOLAR,SSG290P
13254,bd53aee4-e196-4e66-9612-923d6124e7f3,Solar Panel,Silfab,SILFAB SOLAR,SSG295P
13255,dfcea10f-fbc4-4e45-812f-abfac75876dc,Solar Panel,Silfab,SILFAB SOLAR,SSA295M
13256,aa8c0635-f7f4-4d4a-b6ee-3c8b7cdcc824,Solar Panel,Silfab,SILFAB SOLAR,SSA300M
13257,e47174d3-7576-4060-b69e-4272199a917b,Solar Panel,Silfab,SILFAB SOLAR,SSG315M
13258,ead2ec11-9cfc-4097-9395-2acc093ff8fd,Solar Panel,Silfab,SILFAB SOLAR,SSG310P
13259,7807ac6a-f263-4f69-9845-73f53da3b708,Solar Panel,Silfab,SILFAB SOLAR,SSG305P
13260,f818186e-e88e-4025-8c26-483a0904ce55,Solar Panel,Silfab,SILFAB SOLAR,SSG300P
13261,ca4e1046-b720-4258-8a9a-0c4bf31175bb,Solar Panel,Silfab,SILFAB SOLAR,SSG325M
13262,47dee6af-5537-4dfd-a09f-ced6c2fe69dd,Solar Panel,Silfab,SILFAB SOLAR,SSG320M
13263,bc6bb05b-da6f-4cda-8297-6b76feefc549,Solar Panel,Silfab,SILFAB SOLAR,SSG315P
13264,322c6cda-9b4c-4286-988f-a0373ee40c49,Solar Panel,Silfab,SILFAB SOLAR,SSG320P
13265,6e43686a-1797-42f7-89c8-bb5a3aecb89b,Solar Panel,Silfab,SILFAB SOLAR,SSG330M
13266,f67e9c97-5478-42ac-99a4-15a319b6287a,Solar Panel,Silfab,SILFAB SOLAR,SSG335M
13267,64bbb994-7038-4b7c-9a44-7c0a280609eb,Solar Panel,Silfab,SILFAB SOLAR,SSG345M
13268,d47e5e55-5dcc-47f7-ba9b-f0230ee7e002,Solar Panel,Silfab,SILFAB SOLAR,SSG350M
13269,34285eff-2254-4e8f-8cd4-f8ec15f6e6c8,Solar Panel,Silfab,SILFAB SOLAR,SSG360M
13270,481edc5d-3366-45ae-aa7b-caf03fd85afe,Solar Panel,Silfab,SILFAB SOLAR,SSG355M
16737,7419c012-da61-4bcb-9f0f-d803999e816c,Solar Panel,U.S. Solar,US SOLAR,USS-QCMI2-36-130
16740,f86610de-749b-4cf4-a288-a2f9aa824263,Solar Panel,U.S. Solar,US SOLAR,USS-QCMI2-36-135
16741,28049067-5d77-4773-bab3-d2ebefcd53fa,Solar Panel,U.S. Solar,US SOLAR,USS-QCMI2-48-175
16742,d9e36c69-c6e5-41a4-9419-04f7d6419e94,Solar Panel,U.S. Solar,US SOLAR,USS-QCMI2-36-145
16743,6104d47d-5c90-485d-ade1-16f7e37ea759,Solar Panel,U.S. Solar,US SOLAR,USS-QCMI2-36-150
16744,b4c45447-89bb-47f1-b0e6-1eaf8f883467,Solar Panel,U.S. Solar,US SOLAR,USS-QCMI2-36-140
16745,bf086079-55ce-4b28-8cfb-934851982e11,Solar Panel,U.S. Solar,US SOLAR,USS-QCMI2-48-190
16746,f492e3e2-431c-4e81-8d4c-5544d6484ef1,Solar Panel,U.S. Solar,US SOLAR,USS-QCMI2-48-195
16747,70bf594f-91f6-4a93-926a-36c21f653195,Solar Panel,U.S. Solar,US SOLAR,USS-QCMI2-48-180
16748,e4f97b96-8d0f-4df8-9498-1b8ceb451262,Solar Panel,U.S. Solar,US SOLAR,USS-QCMI2-48-185
16749,5302ed5f-7687-489f-b551-7f4ecf1b452a,Solar Panel,U.S. Solar,US SOLAR,USS-QCMI2-54-205
16750,2f7b14d1-0461-42ee-82a3-e4463a3a987c,Solar Panel,U.S. Solar,US SOLAR,USS-QCMI2-54-200
16751,ce0cc3be-4061-492c-8ed3-fce852ecf2f3,Solar Panel,U.S. Solar,US SOLAR,USS-QCMI2-54-210
16752,19bdd852-041d-42db-ac40-e509804f2f31,Solar Panel,U.S. Solar,US SOLAR,USS-QCMI2-48-200
16753,6d9673ca-8783-4ea1-b07f-70453362fa75,Solar Panel,U.S. Solar,US SOLAR,USS-QCMI2-54-225
16754,9339e548-eb9b-467b-abd7-741516b1f85c,Solar Panel,U.S. Solar,US SOLAR,USS-QCMI2-54-215
16755,7eee63f4-712f-4d25-98ce-ea01e2b8db9e,Solar Panel,U.S. Solar,US SOLAR,USS-QCMI2-54-230
16756,744b3734-6e7c-4c8d-aa28-12c8de481079,Solar Panel,U.S. Solar,US SOLAR,USS-QCMI2-54-220
16757,28f4793f-5fa9-471f-af76-46b7ad5204c8,Solar Panel,U.S. Solar,US SOLAR,USS-QCMI2-60-220
16758,8f149a66-a8dc-491d-9ae8-cbf7eca1775f,Solar Panel,U.S. Solar,US SOLAR,USS-QCMI2-60-230
16759,04cbae82-6d7a-40d0-afa2-a62cb0d3747c,Solar Panel,U.S. Solar,US SOLAR,USS-QCMI2-60-225
16760,c38e3922-2130-4ce6-a9af-d349b9f2c687,Solar Panel,U.S. Solar,US SOLAR,USS-QCMI2-60-235
16761,110c26a6-25c2-48aa-a6e0-bc553f93b7d0,Solar Panel,U.S. Solar,US SOLAR,USS-QCMI2-60-240
16762,83342a0c-7c66-4d2b-bed2-1d35da79bad5,Solar Panel,U.S. Solar,US SOLAR,USS-QCMI2-60-255
16763,c316bf08-5db1-4916-9746-ee651a1cfe01,Solar Panel,U.S. Solar,US SOLAR,USS-QCMI2-60-245
16764,063312e6-bc15-47a4-b1e0-955de4aae338,Solar Panel,U.S. Solar,US SOLAR,USS-QCMI2-60-250
16765,d4d19a02-7cf6-4d7c-b964-b4e5e6dcbb0f,Solar Panel,U.S. Solar,US SOLAR,USS-QCMI2-72-275
16766,a0c0ef19-7400-4b9b-9de7-d89b6f4c1f13,Solar Panel,U.S. Solar,US SOLAR,USS-QCMI2-72-265
16767,bc896d5d-a3ee-4c1b-bb0b-81e2f3357fea,Solar Panel,U.S. Solar,US SOLAR,USS-QCMI2-72-280
16768,10976596-0ae7-4552-842a-aab1db6f3024,Solar Panel,U.S. Solar,US SOLAR,USS-QCMI2-72-270
16769,b5403c79-adbe-4207-94d9-10d15df763a7,Solar Panel,U.S. Solar,US SOLAR,USS-QCMI2-72-295
16770,8682c78c-fd14-4f03-8531-0952da11aa27,Solar Panel,U.S. Solar,US SOLAR,USS-QCMI2-72-285
16771,5f04fb2e-f753-45bd-b4f2-c858ea5b7788,Solar Panel,U.S. Solar,US SOLAR,USS-QCMI2-72-290
16772,a3f095b4-d6ea-4751-9cb8-5f875b08fdd9,Solar Panel,U.S. Solar,US SOLAR,USS-QCMI2-72-300
16773,88b8405e-bc86-4ed6-a06d-5ec3a3f70f00,Solar Panel,U.S. Solar,US SOLAR,USS-QCMI3-60-235
16774,bc802b92-9fcf-43b2-aa2f-e93994abdb43,Solar Panel,U.S. Solar,US SOLAR,USS-QCMI3-60-230
16775,fc818aa0-8af1-46ae-b4e3-786841c5869e,Solar Panel,U.S. Solar,US SOLAR,USS-QCMI2-72-305
16776,5527f0fd-107a-4ae3-9322-977e667a1b8e,Solar Panel,U.S. Solar,US SOLAR,USS-QCMI3-60-225
16777,3544d22e-3635-4d5d-ab68-94adb80392e0,Solar Panel,U.S. Solar,US SOLAR,USS-QCMI3-60-250
16778,0ed86417-36ed-4ae7-a34a-c5d39c8b8cf0,Solar Panel,U.S. Solar,US SOLAR,USS-QCMI3-60-255
16779,74a51a3c-3dd0-45a2-a8a4-8b18da957fe7,Solar Panel,U.S. Solar,US SOLAR,USS-QCMI3-60-245
16780,b61d59cc-0ffb-4ffd-b32c-2359b1f9adfd,Solar Panel,U.S. Solar,US SOLAR,USS-QCMI3-60-240
16781,33a47868-a688-415e-b865-61e3e523df2d,Solar Panel,U.S. Solar,US SOLAR,USS-QCMI3-60-265
16782,b244adf7-8529-4840-acb5-c64e0fcf6540,Solar Panel,U.S. Solar,US SOLAR,USS-QCMI3-72-280
16783,b38ad1e1-2031-4741-944a-80cb0222066c,Solar Panel,U.S. Solar,US SOLAR,USS-QCMI3-60-260
16784,65d439da-02c0-4f71-949f-00c38d4553ad,Solar Panel,U.S. Solar,US SOLAR,USS-QCMI3-60-270
16785,06cafa03-cb56-4e8c-a787-38718caf669f,Solar Panel,U.S. Solar,US SOLAR,USS-QCMI3-72-290
16786,5cd2148e-597c-41b8-84c3-f8fd55b2d175,Solar Panel,U.S. Solar,US SOLAR,USS-QCMI3-72-285
16787,8eb4a734-84c8-4c8b-bc62-c0b12ed3b2c3,Solar Panel,U.S. Solar,US SOLAR,USS-QCMI3-72-295
16788,ef8057e4-f7c1-4613-93c5-a7469186dda9,Solar Panel,U.S. Solar,US SOLAR,USS-QCMI3-72-300
16789,6aa0d4f9-c91f-4b7e-b778-2c525e2cdf6e,Solar Panel,U.S. Solar,US SOLAR,USS-QCMI3-72-310
16790,64a98ad6-a20a-4454-bb16-4786e599bf1a,Solar Panel,U.S. Solar,US SOLAR,USS-QCMI3-72-305
16791,fb573526-f987-4cfd-8629-060f17c7a04b,Solar Panel,U.S. Solar,US SOLAR,USS-QCMI3-72-315
16792,d2fb50bc-edb6-479b-a245-5615692e9ff3,Solar Panel,U.S. Solar,US SOLAR,USS-QCMI3-72-320
16793,7cbefc7f-d8c6-4e26-b808-82fefe818c30,Solar Panel,U.S. Solar,US SOLAR,USS-QCMI3-72-330
16794,e8991a7f-283f-45b3-9de0-2ce2a2979cdb,Solar Panel,U.S. Solar,US SOLAR,USS-QCMO3-60-230
16795,873c6f88-d638-43e5-9da9-282fe759e070,Solar Panel,U.S. Solar,US SOLAR,USS-QCMO3-60-235
16796,a65ac825-98b7-4e09-8aaf-3ed1e00b0b61,Solar Panel,U.S. Solar,US SOLAR,USS-QCMI3-72-325
16797,cf66f895-df61-48e1-aa68-3b59234b699a,Solar Panel,U.S. Solar,US SOLAR,USS-QCMO3-60-240
16798,bf855e8e-9c10-4983-ad20-4c811b55e849,Solar Panel,U.S. Solar,US SOLAR,USS-QCMO3-60-245
16799,b1771a67-42dc-4aae-9d57-2bcdfcb811da,Solar Panel,U.S. Solar,US SOLAR,USS-QCMO3-60-250
16800,81e7f825-130a-43dd-9593-39e5c720af8b,Solar Panel,U.S. Solar,US SOLAR,USS-QCMO3-60-255
16801,cfdee527-3da0-405b-bc7c-80fe9b8f561f,Solar Panel,U.S. Solar,US SOLAR,USS-QCMO3-60-260
16802,85cefbd2-7883-4757-939b-e359d2c77ab8,Solar Panel,U.S. Solar,US SOLAR,USS-QCMO3-60-265
16803,10ef90dd-03fe-4519-bbb1-198f5bcc067a,Solar Panel,U.S. Solar,US SOLAR,USS-QCMO3-60-270
16804,b6d3c541-d2f4-4cfe-831b-611f8817e5cf,Solar Panel,U.S. Solar,US SOLAR,USS-QCMO3-60-275
16805,f9f4efa8-0c13-4c7e-a48c-91797d99ca29,Solar Panel,U.S. Solar,US SOLAR,USS-QCMO3-72-295
16806,4a7a79d1-5b5e-43ce-9623-77f930232342,Solar Panel,U.S. Solar,US SOLAR,USS-QCMO3-72-285
16807,2135d934-d467-4329-932c-672f730223b3,Solar Panel,U.S. Solar,US SOLAR,USS-QCMO3-72-290
16808,e4fe5012-06b0-40ec-863f-ab21aa17dd1f,Solar Panel,U.S. Solar,US SOLAR,USS-QCMO3-72-300
16809,b45b6bc4-a2d9-4c19-999d-d9350c5e0682,Solar Panel,U.S. Solar,US SOLAR,USS-QCMO3-72-305
16810,2b237ab8-f4d4-4853-95b0-4720ca19ef24,Solar Panel,U.S. Solar,US SOLAR,USS-QCMO3-72-310
16811,5e67d5aa-20ba-4b07-94e4-055906023a7c,Solar Panel,U.S. Solar,US SOLAR,USS-QCMO3-72-320
16812,038c8342-0767-4521-8b89-89b1196cd43d,Solar Panel,U.S. Solar,US SOLAR,USS-QCMO3-72-315
16813,9fc50680-f2ef-4034-a271-04ef1b6c2100,Solar Panel,U.S. Solar,US SOLAR,USS-QCMO3-72-325
16815,5519d25a-4067-4553-bb10-d3acb42cec4b,Solar Panel,U.S. Solar,US SOLAR,USS-QCMO3-72-335
16816,32bab7a0-0bad-437a-8073-8d66c431ab78,Solar Panel,U.S. Solar,US SOLAR,USS-QCMO3-72-330
18965,f1ca7b73-f3a0-4f7b-ba74-9cb2ff908f4d,Solar Panel,Silfab,SILFAB SOLAR,SIL-400HC+
19025,ec6efe31-528d-49dc-974d-53fe85bd869d,Solar Panel,Silfab,SILFAB SOLAR,SIL-370HC
19026,0d446a06-b59b-4dd4-aeba-197870791c59,Solar Panel,Silfab,SILFAB SOLAR,SIL-370HC
19294,50d8689b-b29f-4088-ba9d-cf08b4ea1450,Solar Panel,LG Electronics,LG,LG315N1C-G4
19358,15e06a82-00e1-409e-b3dc-f1804f8bc506,MicroInverter,AP System,APSYSTEMS,QS1
19359,670b5b0f-e402-45f9-a1c1-a2e819f5ab4f,MicroInverter,AP System,APSYSTEMS,DS3-S
19360,ae588017-335a-422a-951c-4dfd665a3a38,MicroInverter,AP System,APSYSTEMS,DS3-L
19361,0e585222-4b0d-494d-84f5-626433c413a6,MicroInverter,AP System,APSYSTEMS,DS3
19362,e69df72a-5fb9-4217-8358-717a18169d36,MicroInverter,AP System,APSYSTEMS,YC500A
19363,8822a48e-efd8-4ae8-a07e-428aac2987cf,MicroInverter,AP System,APSYSTEMS,YC500i
19364,d0eff64e-b041-4322-8f5e-d4c1153375a6,MicroInverter,AP System,APSYSTEMS,YC600
19375,843b80c6-d1da-46c8-982f-ee77da5f766d,Solar Panel,LG Electronics,LG,LG350N1C-V5
19421,47be935e-f3e9-400f-89cc-ffc793a8f430,Solar Panel,Silfab,SILFAB SOLAR,SIL-410HC+
19423,0a8bd201-7f4f-494e-9be5-f950a558bf90,Solar Panel,LG Electronics,LG,LG335N1C-V5
19487,542ed61c-7029-4584-9562-d6f4fa98b81f,Solar Panel,LG Electronics,LG,LG300N1K-G4
19496,5fbb2bd3-8dc5-48bb-8673-aa832ce94acc,Solar Panel,Silfab,SILFAB SOLAR,SIL-420 QD
